Depth,GR (GAPI),SP (mV),LL3 (ohmm),ILM (ohmm),ILD (ohmm),DPHI (dec),NPHI (dec)
7943.5,102.8508948,-7.800678744,4.152621497,3.177428079,3.103594626,0.050749553,0.293777835
7944,102.682906,-7.296682694,4.143722615,3.30385222,3.210411917,0.052488,0.289473535
7944.5,105.6189633,-6.867149712,4.056171423,3.496329351,3.371558247,0.054467436,0.289063672
7945,109.2216607,-6.526072755,4.084872425,3.712720934,3.564909718,0.053292944,0.288669543
7945.5,111.0535917,-6.287444781,4.426846727,3.885362205,3.74025347,0.044657047,0.287652453
7946,108.677843,-6.165258746,4.836563136,3.935509228,3.837934423,0.031889684,0.287502628
7946.5,101.7233086,-6.17350761,5.106856245,3.814856219,3.827899514,0.020445078,0.289747548
7947,95.70236766,-6.326184328,5.431886591,3.597796505,3.740759222,0.01333603,0.29584798
7947.5,93.46878862,-6.637281858,5.803445147,3.380613643,3.615458404,0.012072487,0.306175968
7948,95.8346714,-7.091232297,5.736811499,3.229083417,3.488031138,0.017995467,0.320216636
7948.5,100.6472634,-7.333239771,4.797313296,3.119498844,3.380257848,0.029391612,0.337382211
7949,105.1463487,-7.096093018,3.460203398,3.01388443,3.30209467,0.041672909,0.35497013
7949.5,106.584045,-6.570523021,3.359160699,2.942504492,3.26027416,0.051404032,0.367353525
7950,103.954864,-5.984716001,3.934970162,2.947870635,3.252415336,0.057717384,0.369085658
7950.5,99.78089291,-5.52685463,4.402955588,3.024650289,3.274069496,0.060763616,0.360025758
7951,96.68852423,-5.20350515,4.456912592,3.142016826,3.316432173,0.061591834,0.343832609
7951.5,95.06806087,-4.969719406,4.355785135,3.26628219,3.368365235,0.061308544,0.324247597
7952,94.36058628,-4.783455254,4.26948324,3.361741085,3.422410329,0.061013435,0.305082434
7952.5,94.02208826,-4.65321656,4.219211328,3.429994629,3.478617167,0.061380456,0.290104551
7953,93.60763259,-4.630348147,4.215257548,3.49071784,3.538024052,0.062413863,0.280002022
7953.5,92.70556221,-4.767550027,4.25341802,3.549244615,3.601751922,0.064059183,0.273583007
7954,91.20888104,-5.113184143,4.325717962,3.610104744,3.671004915,0.06627915,0.269630197
7954.5,90.87891592,-5.658416066,4.424469604,3.678755192,3.747068407,0.069080357,0.26692628
7955,90.85634544,-6.354020739,4.541080327,3.764175021,3.830030418,0.072476283,0.264253949
7955.5,89.13156504,-7.149668721,4.665880068,3.877282818,3.917725755,0.076480409,0.26057044
7956,85.75655934,-7.942239417,4.788127,4.029541549,4.007560805,0.081105386,0.256008922
7956.5,84.04270974,-8.511497593,4.895947763,4.204802966,4.09669435,0.086022265,0.251188058
7957,85.00717318,-8.658212985,4.978001208,4.351025346,4.181992527,0.090035399,0.246728045
7957.5,86.62655851,-8.433502588,5.027324379,4.412259054,4.25944806,0.091856564,0.243243999
7958,87.02383519,-7.99288446,5.038267445,4.386579764,4.324310998,0.091626933,0.240991965
7958.5,86.41351764,-7.492223209,5.008669063,4.312295623,4.371654047,0.091144254,0.239637544
7959,85.28278059,-7.085426293,4.95077677,4.228588875,4.39676269,0.091252683,0.238791368
7959.5,84.77729646,-6.843581094,4.881069466,4.170936284,4.399965583,0.091938711,0.238115876
7960,85.19877253,-6.726121208,4.815353128,4.149272182,4.386674295,0.092635865,0.237828534
7960.5,85.29665935,-6.684594535,4.768630523,4.153461275,4.362667127,0.092538625,0.238483662
7961,85.4982976,-6.670538792,4.754606057,4.173281863,4.333712163,0.09084322,0.240450146
7961.5,86.43977749,-6.633312494,4.772152145,4.198595345,4.305312895,0.087606628,0.243264394
7962,88.01212946,-6.51740189,4.807657938,4.219915433,4.281657853,0.084923148,0.246235087
7962.5,89.54013772,-6.266632398,4.847470391,4.233035344,4.266302953,0.083975374,0.248670898
7963,90.37218868,-5.824829435,4.894255671,4.235939135,4.262785729,0.08421977,0.249900391
7963.5,90.84925361,-5.136258678,4.963434308,4.226677181,4.274549237,0.084981159,0.249907523
7964,90.01524612,-4.206993684,5.013856332,4.203412506,4.297820234,0.085584361,0.249465131
7964.5,88.44887574,-3.168037793,4.979317587,4.16559263,4.31858532,0.085419801,0.249392924
7965,90.04193143,-2.165454799,4.824994879,4.115959668,4.321841117,0.084314016,0.25043782
7965.5,93.42643954,-1.345308492,4.62854435,4.057799266,4.292683048,0.082271453,0.252813938
7966,95.49944899,-0.853662665,4.484043737,3.994300613,4.218563842,0.079298263,0.256498614
7966.5,95.14556572,-0.827654923,4.440781629,3.928504713,4.105475843,0.075617418,0.261467393
7967,92.23686387,-1.218677608,4.460929841,3.863099532,3.97072996,0.071920314,0.267460152
7967.5,89.3403793,-1.802633931,4.495768482,3.79913443,3.830459568,0.06895942,0.27364226
7968,89.27762699,-2.348554218,4.496806028,3.736865156,3.698884681,0.067487202,0.279093196
7968.5,91.8090218,-2.625475431,4.451329666,3.676524114,3.588358137,0.068256128,0.282892552
7969,94.76626695,-2.480631418,4.397517558,3.618340404,3.509718315,0.07187622,0.284475017
7969.5,96.4885797,-2.033842999,4.375965089,3.563229635,3.464709155,0.077837643,0.284419113
7970,96.92601452,-1.464290653,4.407278443,3.513089524,3.442827693,0.085101129,0.283533226
7970.5,96.47147451,-0.951074403,4.405655431,3.469802839,3.433352341,0.092558286,0.282625742
7971,96.05628075,-0.624264895,4.276242017,3.435181708,3.427242993,0.098087367,0.282311615
7971.5,96.73637883,-0.481723503,4.197055014,3.411027474,3.423227449,0.098803398,0.282416368
7972,98.06463031,-0.499250593,4.353407838,3.39924716,3.422789196,0.093832894,0.282564151
7972.5,98.02297064,-0.652646532,4.526471433,3.401863061,3.427423216,0.085578185,0.28245471
7973,97.7135155,-0.916557486,4.564511009,3.421070353,3.438651377,0.076738538,0.282311032
7973.5,98.31984699,-1.252917481,4.468668379,3.459017482,3.458048186,0.070001151,0.282577271
7974,99.0161219,-1.615782166,4.292981018,3.511679298,3.487273903,0.066734107,0.283472569
7974.5,98.4667198,-1.95908966,4.145401504,3.568809122,3.527502697,0.06581627,0.284547132
7975,96.69102271,-2.239628927,4.171431072,3.619301666,3.576467163,0.066024173,0.285227874
7975.5,94.03441203,-2.440197622,4.506156224,3.651456598,3.623174544,0.066832704,0.2849649
7976,91.78275386,-2.557509466,4.811551775,3.655083293,3.651402754,0.067892158,0.283816272
7976.5,91.4912741,-2.588409792,4.875763045,3.625127036,3.644625057,0.068857944,0.282492527
7977,92.8140453,-2.529860109,4.793906472,3.558304411,3.594995087,0.069624028,0.281736316
7977.5,94.17137964,-2.389912589,4.628756434,3.452861238,3.511608758,0.070419519,0.282290289
7978,94.8712948,-2.196723707,4.414587345,3.318248098,3.40572469,0.071497534,0.28474675
7978.5,95.67821528,-1.980571319,4.185387325,3.177478485,3.288075328,0.07286002,0.288983147
7979,97.11513415,-1.771733277,3.975415658,3.050179381,3.168370784,0.073941351,0.294664688
7979.5,98.95329571,-1.593312808,3.811655289,2.944596207,3.054818393,0.074249621,0.301371103
7980,101.1196347,-1.420143125,3.698186783,2.864496873,2.952905758,0.074048264,0.307960938
7980.5,102.8866323,-1.207152641,3.627311331,2.813558406,2.866842794,0.073810647,0.312930734
7981,101.3401379,-0.932639585,3.592949994,2.794465645,2.800421218,0.073715859,0.315193396
7981.5,98.98512783,-0.682812132,3.590346348,2.797436402,2.755990309,0.073750115,0.315207265
7982,97.81239935,-0.574921928,3.614269742,2.805817779,2.732144801,0.073896277,0.31378682
7982.5,97.48945577,-0.724910595,3.657096924,2.803598113,2.727199064,0.074113406,0.31174654
7983,97.79586769,-1.138899081,3.710852812,2.787141084,2.739885823,0.074274798,0.309900892
7983.5,98.75830522,-1.632024518,3.767228769,2.763184043,2.769274115,0.074234435,0.308887457
7984,99.17745107,-2.000409659,3.81742184,2.738656823,2.812198937,0.073846298,0.308722596
7984.5,99.00598085,-2.108011888,3.850641514,2.720053573,2.856761302,0.073879649,0.309286373
7985,99.18912112,-2.003001225,3.852405525,2.708209016,2.888458718,0.077582895,0.310460952
7985.5,100.2953281,-1.764519075,3.808325301,2.698145902,2.892360918,0.083509078,0.312202416
7986,102.2682928,-1.468845775,3.715691955,2.684741852,2.862169183,0.088883039,0.31455857
7986.5,103.9495367,-1.165389886,3.606845703,2.665770287,2.807172408,0.090467837,0.317340106
7987,104.3233705,-0.888841962,3.518427028,2.64344193,2.738286031,0.086104856,0.317853838
7987.5,106.0183186,-0.673741987,3.481600976,2.620295242,2.665811551,0.079549958,0.315424529
7988,105.8836463,-0.55162388,3.489095936,2.598786636,2.599117785,0.076215422,0.313984788
7988.5,103.6240982,-0.497991079,3.50255238,2.581294193,2.54647027,0.078466979,0.314040956
7989,102.3287329,-0.438756243,3.48355913,2.570046601,2.512601056,0.082723729,0.315044806
7989.5,102.9997422,-0.298186558,3.430456343,2.566106773,2.500022186,0.084717777,0.31644262
7990,104.0589557,-0.034165334,3.386577326,2.569820137,2.511613154,0.081581519,0.317640398
7990.5,105.4209101,0.307308844,3.396273657,2.581583488,2.550927026,0.075003971,0.318026239
7991,107.0225413,0.665975588,3.491379693,2.601080232,2.615339934,0.067639411,0.317181579
7991.5,107.5084955,0.984453865,3.638211594,2.626236768,2.685840016,0.062427201,0.315297626
7992,107.1591132,1.230530847,3.777409467,2.653817717,2.739169629,0.061602119,0.312685448
7992.5,106.8935955,1.384998204,3.843282262,2.679006424,2.761357465,0.064151371,0.309722675
7993,104.6279066,1.428756452,3.824680269,2.696672221,2.775706705,0.068266181,0.307134765
7993.5,103.8222307,1.342706105,3.772025631,2.703266804,2.809313705,0.072137778,0.305760425
7994,105.0149092,1.114042225,3.731288506,2.705811725,2.858642137,0.074001072,0.306438423
7994.5,106.9322745,0.780250703,3.717530856,2.715499647,2.907612206,0.073278051,0.309809146
7995,107.9499568,0.40292267,3.7321935,2.743735263,2.944445634,0.070859171,0.315206047
7995.5,107.8024982,0.043800822,3.758852341,2.797760391,2.97692041,0.068198746,0.321217115
7996,106.84499,-0.240921955,3.777294855,2.869883885,3.017446944,0.066656116,0.32560503
7996.5,105.6242989,-0.432309385,3.778227598,2.948703027,3.068012499,0.066398569,0.326334607
7997,104.7882843,-0.526758136,3.774791966,3.021607524,3.119795787,0.067121563,0.324665693
7997.5,104.4141405,-0.520723553,3.783579347,3.075773133,3.162934824,0.06851938,0.322008625
7998,103.3179067,-0.415216837,3.850571671,3.10895258,3.187338684,0.070286305,0.318841158
7998.5,101.6072972,-0.222774615,4.021647509,3.126260131,3.191573582,0.0721001,0.315366941
7999,99.7431325,0.04227168,4.236797431,3.133355409,3.185105875,0.073536227,0.311776536
7999.5,98.17061258,0.365323713,4.404956298,3.136077679,3.177826535,0.074131037,0.308260508
8000,97.31430153,0.693712056,4.424034906,3.138139615,3.17448401,0.073420804,0.305053283
8000.5,97.57731246,0.897497403,4.276759881,3.139316768,3.175832615,0.0709418,0.303375189
8001,98.87265387,0.837379499,4.060751456,3.138971355,3.182540176,0.066534211,0.305419871
8001.5,100.6064022,0.376287849,3.870679656,3.136810849,3.19663668,0.061838469,0.313129264
8002,102.1612303,-0.45891365,3.785745298,3.140401728,3.229630003,0.056766691,0.326175039
8002.5,102.9198832,-1.368219708,3.85720138,3.165263137,3.297842304,0.04342198,0.343043643
8003,102.4806995,-2.035412938,4.029147768,3.228055066,3.418259069,0.022417036,0.359307421
8003.5,101.1325105,-2.52699042,4.212724607,3.347783141,3.593417575,0.012697552,0.367616683
8004,99.26479268,-3.4108085,4.435159964,3.548442207,3.815450135,0.01502921,0.361857593
8004.5,96.06398987,-5.288656019,4.896095537,3.862106345,4.074784435,0.019443532,0.34757654
8005,89.28338737,-8.740915683,5.861669841,4.328072839,4.367157364,0.043266496,0.333465987
8005.5,76.5961371,-13.54421964,7.560457712,5.003679442,4.732428426,0.081560602,0.320673314
8006,58.26701395,-18.57769354,10.29594806,5.940275905,5.240446214,0.118773863,0.300795023
8006.5,41.70358483,-23.8027818,13.94245902,7.047335765,5.989971918,0.146889071,0.272617214
8007,33.42400459,-29.68861188,17.17545894,8.119996466,7.044870136,0.167421231,0.241717344
8007.5,31.86607727,-36.03794551,19.01580414,9.012920554,8.382647822,0.184478038,0.220936651
8008,33.53311306,-42.3505235,19.5242923,9.637281936,9.919458812,0.200030217,0.215268454
8008.5,35.25265311,-47.78024649,19.19147798,10.01989707,11.5140716,0.21112756,0.210565596
8009,36.17542131,-50.47720227,18.58014014,10.27985909,12.95757273,0.214623827,0.203688672
8009.5,36.46547209,-51.01608609,17.96656772,10.55442303,13.97621069,0.210513924,0.197687483
8010,36.29094372,-50.99263157,17.58559352,10.86252432,14.53844628,0.201604283,0.193039623
8010.5,35.77134814,-51.18425961,18.1323606,11.10969348,14.92247314,0.191458526,0.187948428
8011,34.90441958,-51.49391752,20.62104072,11.19021131,15.15821573,0.18425765,0.182180014
8011.5,33.70897074,-51.78199441,23.98472749,11.04854574,15.25419902,0.181042546,0.178357322
8012,33.02567353,-51.91447286,24.91379004,10.77499434,15.26753878,0.175218953,0.178496481
8012.5,34.23531127,-51.77604606,23.44046836,10.48157662,15.3458665,0.176911626,0.181371188
8013,36.17730236,-51.25531494,20.97114376,10.25017568,15.4034338,0.180907408,0.185032914
8013.5,37.47778239,-50.24104146,18.52964552,10.1200332,15.31703912,0.179758924,0.188497685
8014,40.25536333,-48.70173172,16.60363917,10.11282284,15.00520246,0.175347785,0.192378855
8014.5,42.82173579,-46.81358609,15.32044973,10.13430963,14.64706858,0.172003008,0.197187929
8015,42.28458499,-44.74579195,14.6491886,10.03690178,14.16809679,0.170242226,0.2025319
8015.5,39.90338094,-42.60617127,14.60325245,9.787378826,13.20406092,0.169758368,0.207814856
8016,38.30354204,-40.72788136,15.11293555,9.435979853,11.82630582,0.170159854,0.212440882
8016.5,40.71230208,-40.26442129,15.64009197,8.852295114,10.5866351,0.168473675,0.215833967
8017,40.98192152,-41.52097744,15.51108888,7.847949496,9.647834152,0.163272004,0.217905503
8017.5,44.17297044,-40.28663524,14.54314369,6.574049956,8.83983906,0.157318636,0.219071382
8018,71.12782294,-32.42658905,13.02817926,5.645666385,8.032265231,0.150496424,0.21977082
8018.5,88.12379769,-27.1201545,10.91793966,5.245474773,7.231429534,0.137810282,0.220571247
8019,89.05262486,-26.22622598,8.004837911,5.070424212,6.517117765,0.120846645,0.222832753
8019.5,86.1502083,-25.74643397,5.959153945,4.887249031,5.941616193,0.110145483,0.228217997
8020,87.30991847,-23.28937484,5.987567436,4.678444042,5.514207571,0.106233223,0.238045408
8020.5,89.11107047,-21.05340101,6.332133583,4.474687003,5.211034244,0.10672877,0.249749374
8021,88.93448155,-20.14086956,6.373412097,4.305797107,5.013836229,0.108734828,0.258316418
8021.5,88.29673381,-20.04838974,6.279027485,4.223656043,4.902145674,0.109804451,0.26011194
8022,89.0767547,-19.97089908,6.190895212,4.290530066,4.83416105,0.109062272,0.258393865
8022.5,92.54714472,-18.59951344,6.061994721,4.57231201,4.796668548,0.106095069,0.257399436
8023,93.72925978,-15.43409688,5.800340828,4.655131992,4.783749482,0.101447359,0.258261066
8023.5,92.2774506,-12.08988706,5.592809741,4.494813866,4.828768503,0.096115073,0.261162122
8024,91.50605296,-9.548103897,5.791609889,4.498301081,4.904975945,0.091096124,0.264143374
8024.5,92.61325615,-8.082602787,5.840924252,4.635633943,4.929786288,0.087167543,0.266204626
8025,94.68167917,-7.505534954,5.855261523,4.815709981,4.879320506,0.084567815,0.26691109
8025.5,96.00378659,-7.28645385,5.818301435,4.943860441,4.830991904,0.083454895,0.265901271
8026,96.16560015,-6.99437593,5.704309231,4.985238265,4.806544464,0.083973145,0.263409981
8026.5,95.15430275,-7.113790018,5.576811921,4.946964228,4.79042568,0.08601578,0.259962518
8027,93.58297746,-7.972852797,5.510763713,4.844439336,4.763859979,0.089254924,0.256086758
8027.5,91.09370197,-9.491262044,5.519262876,4.71729631,4.70185383,0.093454634,0.25231986
8028,86.21840476,-11.48440148,5.492852157,4.610272679,4.61174086,0.102677425,0.249206065
8028.5,81.11894845,-13.68646537,5.437896973,4.558712422,4.548869323,0.117413447,0.24728979
8029,78.02910462,-15.56543753,5.449850092,4.543316463,4.526490156,0.127745326,0.24699406
8029.5,77.34628545,-15.94118791,5.58143899,4.516523836,4.533655758,0.128124095,0.2482355
8030,79.06831732,-13.98230356,5.759222661,4.464930312,4.559827601,0.11665921,0.250799565
8030.5,82.64610625,-10.44318126,5.89282065,4.448340973,4.594574593,0.096793772,0.254561721
8031,87.38865638,-6.351534152,5.9541855,4.526702942,4.62919852,0.078119743,0.259565496
8031.5,91.72961047,-2.582305452,5.938313844,4.66016359,4.662528452,0.065462509,0.265872814
8032,94.18704931,0.259409895,5.843178021,4.739826928,4.695306061,0.061372079,0.273545552
8032.5,94.48332144,2.065441791,5.6771022,4.697350293,4.728295087,0.060370122,0.282629874
8033,93.70588443,2.951551502,5.468392081,4.583337078,4.762281071,0.053609083,0.293133607
8033.5,97.9175698,3.214634141,5.250849213,4.464883115,4.798072354,0.041717322,0.305058844
8034,103.4870133,3.192619546,5.076457894,4.393399026,4.834956006,0.033414569,0.317603052
8034.5,104.2949228,3.378555531,4.997838274,4.379825275,4.856827926,0.02812767,0.326446158
8035,107.5422343,3.734672482,5.062010093,4.427891256,4.838665006,0.021992532,0.326839272
8035.5,110.7560718,3.711253282,5.277234226,4.542041283,4.759071727,0.020213318,0.319777276
8036,106.5793334,2.743471306,5.605454952,4.693588255,4.644303074,0.024232499,0.309760951
8036.5,103.8045487,0.839851704,5.925038139,4.819179881,4.556261545,0.033726648,0.30118997
8037,98.46717863,-0.585662748,6.077996723,4.867202849,4.55390957,0.047972423,0.295450151
8037.5,92.81709361,-1.074253925,5.99954989,4.852304409,4.693417318,0.063546347,0.291150397
8038,90.80015658,-1.220302551,5.783612153,4.80595978,4.879446279,0.076764977,0.286795914
8038.5,90.63438625,-1.654729188,5.563090848,4.759671131,4.877923693,0.087426375,0.280891906
8039,89.96781255,-2.951850481,5.467025034,4.742302293,4.731674863,0.095924356,0.272139623
8039.5,82.00790893,-4.808396737,5.569695407,4.760155579,4.575104848,0.101936694,0.262599995
8040,77.59853362,-6.23104753,5.722202623,4.747613345,4.446187388,0.104740276,0.256663898
8040.5,79.9990504,-6.590258001,5.742447279,4.564455609,4.330376992,0.101960444,0.254739982
8041,83.27074829,-6.359323999,5.595392866,4.220448205,4.214057455,0.093170984,0.255232716
8041.5,84.48134711,-7.429250498,5.29733995,3.998499837,4.086539272,0.08608334,0.257233975
8042,84.62035679,-10.73786364,5.008033819,3.925994162,3.960719032,0.088500001,0.262232171
8042.5,84.54123731,-14.20940644,4.974983256,3.875487196,3.865036109,0.097491467,0.270346545
8043,83.74148349,-18.5723041,5.287854753,3.831317388,3.814879845,0.105571252,0.277864272
8043.5,81.43112993,-22.68288103,5.797242885,3.803708039,3.78976799,0.10787636,0.280721871
8044,77.06441527,-25.45499043,6.280517026,3.795379873,3.763246216,0.107743882,0.277550904
8044.5,71.13921705,-26.77730683,6.421227675,3.801782918,3.720330677,0.109002161,0.270594523
8045,66.45730883,-24.27454851,6.058112799,3.818209443,3.7005171,0.107795556,0.262976328
8045.5,65.2423863,-15.87935686,5.398562103,3.840700291,3.751736554,0.099755523,0.257840441
8046,69.1955334,-11.88882955,4.818801502,3.867893212,3.839913242,0.091481496,0.257156062
8046.5,77.28392884,-11.92747234,4.779146098,3.899014331,3.879550268,0.092288991,0.257957485
8047,82.11787779,-11.96148826,5.512617516,3.933275806,3.808637597,0.108780425,0.255983565
8047.5,82.06405245,-14.7207441,6.508488841,3.961311003,3.717540903,0.129965192,0.247495698
8048,80.80916871,-23.57342881,7.696445998,3.932951279,3.739188371,0.141289,0.232459308
8048.5,66.10634455,-29.93028449,10.99748861,3.804831669,3.865831399,0.141949725,0.212530687
8049,42.88208739,-35.49442131,16.16007401,3.594178557,3.879216038,0.134577696,0.19090332
8049.5,31.05708087,-41.31436188,17.66927632,3.331875171,3.553585702,0.122234699,0.17204609
8050,37.15649014,-45.50486771,16.10826303,3.040890543,2.946800959,0.110916787,0.160466817
8050.5,30.37089741,-48.18152498,17.84419179,2.713845245,2.444246511,0.107841792,0.159584056
8051,51.65810476,-52.43990635,14.7339362,2.344138319,2.119234508,0.120187382,0.168355255
8051.5,61.9146551,-60.3772313,4.026046863,1.9822032,1.904572579,0.147118859,0.18455379
8052,37.34955956,-67.707415,2.100101166,1.75493092,1.758494004,0.172302138,0.201358815
8052.5,31.81367764,-72.48229309,3.641854213,1.63289299,1.657634498,0.189106807,0.21030066
8053,37.039327,-77.73074214,26.22312966,1.57587605,1.586203352,0.196067839,0.213091092
8053.5,43.20866978,-81.71630165,150.3276878,1.556825658,1.53203552,0.195491028,0.212310656
8054,43.76882429,-82.58178597,28.46434727,1.556173291,1.485299484,0.193151781,0.209457273
8054.5,40.51645864,-83.5175181,0.427246217,1.560121967,1.440859242,0.192705593,0.205210102
8055,36.56342898,-84.11891448,0.412492511,1.556706629,1.396532462,0.19357093,0.200407464
8055.5,34.12823245,-84.38816419,2.795154995,1.545007362,1.350799267,0.194937136,0.196877383
8056,32.71942332,-84.71829498,10.0280903,1.529466571,1.304949732,0.196962824,0.196682325
8056.5,31.78796366,-85.37379326,7.842269772,1.506805856,1.261280582,0.2000503,0.200495145
8057,31.18767788,-86.30246011,6.24456871,1.467324756,1.221788794,0.20440628,0.207033231
8057.5,30.78575951,-87.37556249,6.266213521,1.40498069,1.187782593,0.209879504,0.213194109
8058,30.45053272,-88.3602871,6.802834971,1.339310734,1.159743089,0.216280271,0.215683945
8058.5,30.09936721,-89.02373307,7.018919272,1.296939954,1.138083927,0.222996251,0.212838808
8059,29.71645817,-89.34336862,6.971527917,1.277841748,1.123236368,0.228107997,0.208035742
8059.5,29.29270304,-89.42166461,7.043189268,1.272511667,1.115349004,0.229484146,0.205102622
8060,28.91783676,-89.36274702,7.241907236,1.272300254,1.114356201,0.227039246,0.204328852
8060.5,28.8263984,-89.27113797,7.469620407,1.272519786,1.120306876,0.22367001,0.20453179
8061,29.22527828,-89.25206512,7.632037384,1.274148122,1.133378035,0.221709761,0.20475301
8061.5,29.92911073,-89.41068772,7.725533928,1.277849339,1.151993289,0.221077206,0.204697042
8062,30.55139636,-89.77237672,7.76784307,1.283904157,1.169276683,0.221235167,0.204199862
8062.5,30.86956289,-90.14971941,7.67931311,1.292607553,1.180445068,0.221574242,0.203602047
8063,30.72952454,-90.32021636,7.470130515,1.304173787,1.187412335,0.22138531,0.203918124
8063.5,30.14482903,-90.06221637,7.308804832,1.318412906,1.19301907,0.219935423,0.205934191
8064,30.28502003,-89.3396274,7.335408518,1.335032341,1.200179057,0.216292794,0.207272956
8064.5,31.4259972,-88.53321435,7.507429314,1.35470483,1.211302386,0.20976488,0.20430798
8065,32.15756844,-88.04869564,7.717926448,1.380570553,1.225058459,0.202006877,0.198190258
8065.5,32.41937532,-87.81115649,7.895687814,1.412554702,1.238504149,0.195591943,0.191916139
8066,32.37840723,-87.43623005,7.976706055,1.443438152,1.250851367,0.193081259,0.188263601
8066.5,32.06148979,-87.03740531,7.915629865,1.465223252,1.270332859,0.195136848,0.1876739
8067,31.19396969,-86.9655901,7.80183174,1.487586593,1.308060176,0.198622271,0.189189807
8067.5,29.92999083,-87.23075899,7.705635142,1.541939116,1.375840339,0.200679141,0.191830281
8068,28.74251341,-87.50750933,7.628606384,1.640490828,1.466843771,0.20165611,0.194511338
8068.5,28.08411025,-87.69556138,7.570076242,1.746139763,1.552615914,0.202781992,0.196051776
8069,28.03247692,-87.74002123,7.529522806,1.828711512,1.611390908,0.205266468,0.195293344
8069.5,28.38479696,-87.59704737,7.512726204,1.929134582,1.639909816,0.209212608,0.192556797
8070,28.93148929,-87.3390056,7.54269601,2.047145876,1.641201052,0.213032423,0.190385431
8070.5,29.46297278,-87.10624941,7.646438493,2.109696998,1.63851135,0.214995244,0.191212962
8071,29.78456144,-86.95348953,7.841544378,2.057342759,1.657664831,0.213370404,0.193582366
8071.5,29.848041,-86.80445336,8.093946377,1.933844709,1.663233928,0.206978357,0.194785346
8072,29.68839651,-86.57201145,8.350963426,1.8053016,1.623476179,0.198714784,0.194882903
8072.5,29.34753636,-86.1777005,8.553258519,1.710294759,1.567615657,0.193302716,0.194242195
8073,28.92998996,-85.56621458,8.64217351,1.643966613,1.513222401,0.194855782,0.193230383
8073.5,28.57770369,-84.86335415,8.647831394,1.597300605,1.462865864,0.199648895,0.192194401
8074,28.43312624,-84.39962955,8.674279149,1.564938741,1.418236592,0.201905667,0.19129621
8074.5,28.63441446,-84.24013292,8.825970189,1.550936574,1.3836755,0.201821822,0.190598605
8075,29.23583472,-84.32943656,9.091141963,1.559367556,1.371558163,0.200228955,0.190163439
8075.5,30.21525381,-84.60485871,9.306498998,1.573843477,1.379762264,0.197957772,0.190052563
8076,31.53688532,-84.76088985,9.358460566,1.572958281,1.398463112,0.195646961,0.19022256
8076.5,32.95129759,-84.30191818,9.28053463,1.565363189,1.419314799,0.193505039,0.189718609
8077,34.01378655,-83.45106039,9.128525675,1.570163694,1.441563627,0.191682045,0.18711872
8077.5,34.31300774,-82.72237264,8.957687668,1.604628908,1.466898979,0.190328019,0.182609247
8078,34.20983781,-82.00600427,8.818445713,1.667252615,1.497298847,0.189552327,0.181657781
8078.5,34.66635602,-79.9536386,8.724089973,1.745806105,1.53541203,0.189001083,0.185035765
8079,35.56234641,-76.77293827,8.654181538,1.826009891,1.584023687,0.188026014,0.189759571
8079.5,36.25008002,-73.9207994,8.591415846,1.895529032,1.641815672,0.186037255,0.19323593
8080,36.60011819,-71.87619874,8.561081845,1.960607495,1.703635586,0.183885326,0.194934991
8080.5,36.56602052,-71.11297521,8.61595254,2.034681931,1.770928067,0.183854911,0.194921009
8081,36.04384628,-72.10496769,9.026928874,2.1472134,1.869823002,0.186905505,0.193258292
8081.5,34.7793955,-73.64305,11.3668322,2.344177544,2.014849898,0.185181406,0.190011148
8082,32.57996184,-66.48576673,16.13319719,2.565017684,2.102668933,0.177261783,0.1855445
8082.5,31.41013702,-56.57036315,22.41542421,2.644349927,2.158913922,0.165857376,0.181550778
8083,34.63557198,-55.46656306,25.2555947,2.612435174,2.253035943,0.153829674,0.180088736
8083.5,41.77163985,-52.6399826,17.97358288,2.60495936,2.274919976,0.144146162,0.183205449
8084,51.21373484,-45.04246775,9.234860011,2.592994296,2.224216985,0.139776736,0.192312177
8084.5,60.45170548,-39.05941324,20.38430836,2.484278861,2.125117246,0.142706859,0.207075081
8085,65.86856402,-38.91783088,2.759014354,2.269081161,2.036610181,0.151202818,0.223694793
8085.5,63.79206047,-45.04539429,5.693029315,2.045611273,1.964607365,0.162652743,0.237470385
8086,53.90115085,-49.99063765,5.163195934,1.885492966,1.879166331,0.174716765,0.244315986
8086.5,43.29376295,-53.1041276,6.351434071,1.788261714,1.767464947,0.186897455,0.245144154
8087,36.7972761,-54.36001904,6.001893139,1.731981533,1.687805917,0.198109468,0.243298051
8087.5,38.22468468,-53.39061096,5.631179294,1.701640556,1.644669346,0.202289667,0.242137028
8088,49.1505005,-50.21758207,5.106963736,1.693324277,1.615500584,0.198300394,0.244723457
8088.5,58.54722001,-45.02530698,4.387740665,1.706836691,1.582385275,0.189514275,0.25093706
8089,67.65011233,-38.88758839,3.83381254,1.739492382,1.550784081,0.179407307,0.258725439
8089.5,73.97649187,-35.98542123,3.776542144,1.778656027,1.538008672,0.17159769,0.265920314
8090,70.57517781,-39.02424186,4.185910278,1.810584954,1.55280478,0.169606622,0.269949964
8090.5,63.34272685,-44.16899769,5.05300831,1.830877191,1.585488466,0.173796361,0.268415457
8091,57.54110957,-49.48570663,5.968291503,1.838682699,1.623608224,0.180779081,0.262072749
8091.5,43.22857136,-53.97639626,6.449346657,1.833665979,1.655233918,0.186887631,0.253628128
8092,40.90125802,-56.62439104,6.824191175,1.824360012,1.68175282,0.191726514,0.245964875
8092.5,40.31209286,-56.3919639,6.817198238,1.829483575,1.712444231,0.195870705,0.24260351
8093,41.58337944,-52.84173918,5.987466628,1.868818109,1.757387044,0.196061502,0.247166197
8093.5,52.33875723,-50.15198534,5.145760207,1.961358209,1.822161387,0.183497668,0.255966932
8094,60.97917167,-47.14296845,4.716075484,2.083391864,1.887093421,0.166425736,0.260317596
8094.5,68.80672049,-23.28284083,4.448267656,2.172503811,1.922378371,0.156413571,0.263271588
8095,74.87814581,-26.58425996,4.175692691,2.178035147,1.902791409,0.152138666,0.266695077
8095.5,77.13107836,-29.7807048,4.05695331,2.108266406,1.844921915,0.149634583,0.270354483
8096,73.65695724,-29.04088794,4.161852541,1.992676449,1.777309032,0.149881486,0.273932946
8096.5,68.77252462,-31.18717702,4.370021554,1.8707541,1.706050325,0.160457437,0.276873357
8097,66.18446956,-32.94511596,4.527826513,1.772835518,1.632088458,0.174234881,0.278261817
8097.5,65.04374851,-33.07501729,4.467254154,1.698479477,1.567261462,0.178087729,0.277548858
8098,64.09581856,-33.29412882,4.568904907,1.634750922,1.526812643,0.178530064,0.275429214
8098.5,62.44000214,-34.53666094,4.583982587,1.570611374,1.510005969,0.180882593,0.272842993
8099,60.28810846,-34.52211461,4.126350322,1.505554384,1.502644131,0.183916357,0.270517765
8099.5,59.19084981,-33.02099999,3.849302771,1.539284678,1.493012574,0.186214524,0.268066694
8100,60.39655405,-32.857837,4.301451027,1.650951093,1.495604813,0.187523894,0.264738951
8100.5,61.55995102,-35.64268755,5.482438775,1.740653817,1.537672949,0.187826329,0.259788693
8101,59.36340121,-39.21234317,6.372053353,1.875815014,1.61749955,0.187103691,0.252896867
8101.5,52.91054293,-41.4044978,7.016854869,2.02148203,1.718566098,0.185296437,0.24448251
8102,43.59825132,-42.80666114,7.577539282,2.10913342,1.820607926,0.181537094,0.235039892
8102.5,39.02146116,-42.09415473,8.015530094,2.263163722,1.902457873,0.174223146,0.22608875
8103,42.94940405,-36.40563716,7.591323983,2.485913422,1.980631716,0.162361931,0.221824512
8103.5,52.04210765,-30.70310815,6.145792737,2.684085797,2.099307892,0.149275614,0.224074705
8104,61.86789284,-25.93976447,5.514841729,2.810024139,2.306540498,0.139743121,0.229612738
8104.5,64.2556254,-20.22554239,5.739787714,2.842824095,2.522702409,0.133170559,0.233939766
8105,54.72481933,-15.21672407,4.804566838,2.773737512,2.579827266,0.124687013,0.235082938
8105.5,46.26838807,-11.32727524,4.606298445,2.640203268,2.530247066,0.113325287,0.237607412
8106,55.60754014,-8.34438504,4.416014475,2.498350984,2.478545366,0.104248212,0.246907038
8106.5,96.37780283,-6.063604715,3.801818349,2.390551894,2.436079922,0.099200583,0.262078733
8107,121.2050091,-4.347374473,2.955528605,2.326792367,2.385552184,0.096253357,0.276434168
8107.5,120.0809766,-3.094541719,2.693978759,2.308389732,2.326075273,0.093387799,0.288916086
8108,110.5789122,-3.170573035,2.914207381,2.327754644,2.255291132,0.090886648,0.299756695
8108.5,103.8862479,-6.922197399,3.317974722,2.339003973,2.14086285,0.092288588,0.309124701
8109,98.70698841,-13.19226119,3.695461106,2.287415948,1.958906947,0.101378917,0.314648542
8109.5,92.29946031,-20.43770066,4.065312589,2.141845137,1.790993228,0.120960454,0.310614732
8110,81.94679339,-28.71600278,4.566199227,1.966603518,1.693892484,0.144790223,0.291173641
8110.5,67.50651234,-37.82294853,5.095106,1.826203655,1.640248721,0.163537504,0.263996801
8111,53.62144889,-47.29632841,5.643163294,1.720214493,1.600931191,0.177833688,0.248421231
8111.5,44.8847743,-56.666191,6.160590902,1.636773092,1.550971919,0.191475244,0.241800215
8112,40.78345546,-65.43541208,6.461755242,1.565407484,1.480882538,0.203448679,0.239355489
8112.5,38.11503342,-72.41806939,6.422037377,1.494643657,1.39676411,0.209046796,0.236695211
8113,34.96088534,-75.99667195,6.21181862,1.415820203,1.305541056,0.207626745,0.232902249
8113.5,34.40827531,-76.92820398,6.015073762,1.339205097,1.219608932,0.205413646,0.228896932
8114,36.75203014,-77.09811078,5.740085368,1.284944307,1.153130863,0.207316245,0.225616282
8114.5,38.05656865,-76.34394497,5.256630513,1.258256948,1.115853692,0.211415994,0.223969083
8115,37.36535672,-74.72196652,4.883031012,1.248931467,1.102852286,0.214331526,0.2245416
8115.5,36.16038409,-73.27490861,4.827769826,1.246972507,1.103569269,0.214268664,0.227377269
8116,35.90813801,-71.18459691,4.800046257,1.246028558,1.108208598,0.211981802,0.230442643
8116.5,36.79610457,-69.5496489,4.764046168,1.246232358,1.107714456,0.208455237,0.231564481
8117,37.95906919,-69.05260128,5.027985496,1.248470788,1.101456176,0.204673268,0.230856466
8117.5,38.81647039,-68.31350725,5.352227461,1.250649555,1.094357646,0.20161124,0.228937686
8118,39.29366938,-67.67701286,5.151750719,1.2419616,1.090454829,0.19974209,0.226421709
8118.5,39.36140588,-68.33388333,4.812333049,1.2147054,1.087699654,0.198883631,0.223728195
8119,38.93336505,-70.1099987,4.750356327,1.170615993,1.081576501,0.19922673,0.221036141
8119.5,37.64880479,-72.26850339,4.914116526,1.131245681,1.068986253,0.201076278,0.21850694
8120,35.07379001,-74.29294694,5.191164501,1.111595576,1.060995695,0.204737168,0.215989513
8120.5,31.68588709,-76.22073571,5.46161848,1.112609993,1.062655442,0.209576464,0.212727427
8121,29.63294794,-77.88969143,5.604218697,1.132655925,1.061919571,0.210197756,0.208092241
8121.5,31.10103595,-76.64653739,5.438952723,1.167089989,1.067031575,0.205015767,0.205281775
8122,37.64183237,-68.61041754,4.727105635,1.254342574,1.124158803,0.197415141,0.210961698
8122.5,48.81973283,-59.58301658,4.411298051,1.405065996,1.196993889,0.189571815,0.228351966
8123,55.08004009,-51.10377197,4.456126625,1.503023285,1.221284393,0.181174958,0.24037503
8123.5,57.06119902,-45.150308,4.068242639,1.542646773,1.312502518,0.171729489,0.245276662
8124,58.74321378,-42.70095728,4.140617193,1.698131897,1.45620668,0.161955751,0.249728083
8124.5,62.71861376,-40.48261922,4.538640637,1.985918562,1.611044344,0.153567735,0.255067424
8125,67.89749195,-38.09994897,4.443300048,2.104297877,1.743375191,0.14830858,0.258729913
8125.5,72.44191591,-37.76236076,4.257715541,2.151369363,1.851818609,0.147921424,0.258968021
8126,73.84309557,-39.80044003,4.847241302,2.176502709,1.942700402,0.153373419,0.255403388
8126.5,70.69377203,-42.54773674,5.430500694,2.193536284,2.027980926,0.156417465,0.247774798
8127,65.38316747,-44.98488189,5.440647881,2.216922819,2.108871826,0.159543624,0.236877763
8127.5,60.57888913,-48.27819603,5.685665662,2.26118394,2.176698469,0.171275893,0.226023242
8128,55.59344267,-50.87926087,6.106169528,2.342196944,2.239682117,0.176732416,0.21878528
8128.5,54.7632384,-48.51244789,6.217395603,2.468942337,2.31845323,0.170304065,0.216107575
8129,69.42635324,-46.26124552,6.028490157,2.623738893,2.435133995,0.151665613,0.216158408
8129.5,87.10566874,-41.80096171,5.749394008,2.779292847,2.582776455,0.127334664,0.218155027
8130,99.78757764,-34.32796474,5.567066285,2.904999974,2.727945491,0.116019828,0.223834732
8130.5,105.4829757,-31.97345435,5.529308597,3.003948795,2.854635005,0.119308932,0.233881316
8131,103.2203899,-31.92080722,5.54585193,3.105220876,2.954163555,0.123266793,0.242740039
8131.5,96.93453072,-31.73335833,5.525179755,3.228231492,3.08675068,0.124849359,0.247606802
8132,91.25915735,-30.45220168,5.433031185,3.359675694,3.367713361,0.123113681,0.249536973
8132.5,89.39804453,-27.6106833,5.281731328,3.478614457,3.559207054,0.118045877,0.249701352
8133,90.6011105,-23.80546434,5.090791202,3.56768896,3.622469206,0.110860122,0.249270736
8133.5,90.15719002,-19.68563352,4.92085252,3.631475032,3.682258411,0.102854943,0.249368138
8134,89.28161717,-15.7617908,4.843850822,3.680809071,3.773934191,0.095344958,0.250339939
8134.5,90.89471796,-12.37764981,4.867288042,3.727489487,3.887976115,0.089677316,0.25190152
8135,91.84779968,-9.861397433,4.944660087,3.784000905,4.011864809,0.08713538,0.253749994
8135.5,90.43402198,-8.944836595,5.031780303,3.863634683,4.127968217,0.087634668,0.255582472
8136,90.56049623,-9.830056914,5.099138893,3.969297163,4.2173601,0.08982056,0.257096069
8136.5,92.17417833,-10.25937558,5.120066833,4.065663281,4.269055761,0.092290291,0.257987895
8137,92.36287411,-10.33378893,5.068409663,4.108999968,4.277583145,0.093641099,0.257955065
8137.5,91.27835257,-10.32833277,4.925158186,4.102790797,4.248728552,0.092550051,0.256711221
8138,90.75603631,-10.09703295,4.730459484,4.092881178,4.19724263,0.089237012,0.254560416
8138.5,91.76140429,-9.57027774,4.560937816,4.116451193,4.122632941,0.085317406,0.252544734
8139,92.48322389,-9.330516968,4.48438895,4.116353392,4.003361718,0.082456943,0.251747883
8139.5,91.59378644,-10.83395288,4.567417503,3.985682508,3.828309729,0.082400613,0.252636997
8140,90.01186595,-14.47640786,4.856533853,3.640158351,3.642254728,0.087295902,0.254468713
8140.5,88.95157805,-20.37559161,5.329007576,3.197345567,3.502550705,0.099067903,0.256233746
8141,89.12676937,-29.03083106,5.947767429,2.937784615,3.42495941,0.115290974,0.256388187
8141.5,90.01113606,-38.6705326,6.636820235,2.829293668,3.370658348,0.131159874,0.253269068
8142,90.89020567,-45.38854142,7.209964396,2.793680243,3.300719683,0.145827597,0.24787627
8142.5,91.32638879,-47.27056556,7.420946318,2.786640849,3.214837985,0.159061522,0.246107071
8143,91.57977222,-46.50740421,7.19345508,2.820569624,3.150265896,0.165912393,0.24976663
8143.5,92.01861623,-44.44701584,6.64870057,2.919224456,3.138640646,0.162031879,0.255377556
8144,93.00132584,-41.66250052,5.998917409,3.100542904,3.189855422,0.148730976,0.260222051
8144.5,94.49538916,-36.32267344,5.445691488,3.264406478,3.310872003,0.134757955,0.264057199
8145,95.95592267,-27.92962535,5.086777682,3.384318739,3.501066773,0.125674807,0.266998232
8145.5,96.81391899,-20.82251679,4.891084128,3.528830954,3.724753292,0.119906643,0.269160382
8146,96.89237712,-16.04783055,4.824060538,3.725277968,3.930248967,0.115492749,0.270658879
8146.5,96.51195986,-12.85003307,4.861975498,3.956280919,4.070096933,0.110472407,0.271606948
8147,95.69990019,-10.66067626,4.968991799,4.198139723,4.158190888,0.102975297,0.272098943
8147.5,93.64149261,-9.077003772,5.096100586,4.422333953,4.229911791,0.093297,0.272218882
8148,90.61252436,-7.707330919,5.189846312,4.599075215,4.323995912,0.083948344,0.272050679
8148.5,88.80548522,-6.301880715,5.203239511,4.69665389,4.462115922,0.077515424,0.271678247
8149,89.15373482,-4.760157214,5.151298521,4.692323119,4.624002196,0.075149545,0.271185498
8149.5,91.01974726,-3.11233236,5.073739827,4.601863907,4.780793643,0.075814882,0.27064856
8150,93.62418266,-1.538667283,5.007190803,4.45380154,4.899704894,0.078291701,0.269805695