Depth (ft),GR (GAPI),SP (mV),SFLU (ohmm),ILM (ohmm),ILD (ohmm),DPHI (dec),NPHI (dec)
8015.5,94.14263076,2.350650035,3.154509907,2.91683834,2.588660473,0.072825124,0.335344848
8016,97.02923154,2.446464321,3.263582203,2.908013322,2.539963212,0.063671684,0.319751915
8016.5,96.86818565,2.526293022,3.388927402,2.872139579,2.521359464,0.053395165,0.304897246
8017,95.65360312,2.590571972,3.408008426,2.824860843,2.524997753,0.04642511,0.301953168
8017.5,95.32519492,2.639741208,3.31210547,2.788076069,2.542126081,0.039567411,0.308117115
8018,96.27097224,2.674240769,3.199718846,2.78057042,2.567299646,0.035937814,0.317375479
8018.5,97.13928435,2.694510693,3.171764298,2.80799419,2.660133725,0.038526626,0.324581263
8019,96.82424856,2.70099102,3.226949327,2.871062165,2.90752642,0.039064023,0.326298564
8019.5,95.83693772,2.694364315,3.293495758,2.960237688,3.201348594,0.035557978,0.319302644
8020,94.7574411,2.678600729,3.450135457,3.03752585,3.459503905,0.034942514,0.309315814
8020.5,93.57546345,2.660037241,3.515979403,3.006732915,3.662268573,0.035806365,0.307800717
8021,92.3706594,2.645062948,3.552727247,2.939852817,3.784341238,0.035603301,0.30925311
8021.5,92.0401971,2.640066951,3.872037763,3.057924127,3.825269965,0.036668657,0.304391239
8022,93.78871235,2.651438348,4.256237056,3.334697791,3.815873383,0.043503392,0.29401909
8022.5,98.06286398,2.685566239,4.451839347,3.570406314,3.790571315,0.04966557,0.290854339
8023,97.94131297,2.74761906,4.350877982,3.683258575,3.781891286,0.05004135,0.298572367
8023.5,95.29417945,2.794905176,4.158457344,3.679452987,3.780425026,0.046529446,0.303584012
8024,121.5708719,2.722324654,4.141892009,3.69052843,3.761083722,0.041327791,0.30168634
8024.5,127.3287401,2.420582846,4.190311608,3.773483078,3.722351291,0.036760172,0.296904075
8025,7.157547971,1.780385104,4.187145237,3.915766014,3.663915431,0.035585114,0.292312635
8025.5,-137.034085,0.685041696,4.147984582,4.100632768,3.585824234,0.039556896,0.288523846
8026,-69.41714681,-1.314714351,4.116839012,4.247661843,3.496699079,0.043443225,0.283558696
8026.5,235.3240335,-5.146305707,4.106130969,4.32957631,3.452988813,0.041763775,0.276074811
8027,131.2404195,-11.84698029,4.099725307,4.378967025,3.463272406,0.03982803,0.269356241
8027.5,77.84933611,-17.47121883,4.080599642,4.421526163,3.492416071,0.045937274,0.269479908
8028,99.56575254,-18.58096371,4.041993031,4.444538385,3.594824119,0.070125161,0.280779618
8028.5,96.59180846,-18.98368232,4.060748791,4.463263415,3.835603631,0.105611818,0.307064497
8029,99.74400824,-20.6029147,4.24919823,4.597621035,4.13804287,0.108083146,0.338465613
8029.5,104.314992,-22.64596172,4.651296215,4.988542465,4.375002219,0.074653291,0.350546849
8030,105.8162341,-23.90467685,4.988947723,5.593363567,4.525920605,0.05710006,0.339465619
8030.5,101.288214,-23.96182892,5.862974549,6.284790876,4.808053526,0.070061717,0.317338603
8031,88.31487014,-23.96303266,7.916881223,6.774868257,5.544133186,0.108616256,0.299993726
8031.5,79.25571782,-23.98515384,9.864436327,7.44662946,6.924646991,0.145879125,0.277132348
8032,68.45978094,-23.88078661,15.54923218,9.929209385,8.169763083,0.153824141,0.248453526
8032.5,52.16792384,-23.74012254,19.51028882,11.65751472,8.946747495,0.148712917,0.218725016
8033,40.61932504,-23.84992215,19.97425881,11.20181204,9.949110456,0.149802003,0.19503294
8033.5,36.3872427,-24.71832655,19.0853249,11.27827124,11.44714404,0.16111165,0.185393414
8034,37.87044037,-28.48798441,17.89743812,11.87559224,12.64528012,0.16215859,0.187005599
8034.5,41.17225134,-32.21898975,17.05487854,12.0485141,13.03199947,0.155094535,0.194407772
8035,41.8818027,-33.20847725,17.04288066,11.85488128,12.80154636,0.155417507,0.202138206
8035.5,40.58692658,-33.99877124,17.82864576,11.52267428,12.27078222,0.16692075,0.204795921
8036,39.06166285,-35.37533658,19.03987904,11.24795657,11.73362865,0.180661316,0.200950586
8036.5,37.88770874,-36.949439,20.2273456,11.02508804,11.30693645,0.188780006,0.195071093
8037,36.5022251,-38.37804868,20.82692126,10.75668486,11.02417209,0.19037731,0.191547288
8037.5,35.13932257,-39.68295224,20.66077394,10.35559338,10.91293884,0.189458626,0.193390413
8038,34.66126857,-41.01854587,20.42597871,9.827722311,10.93134276,0.189557718,0.195443315
8038.5,35.84679872,-42.53144025,20.38059867,9.307478091,10.98680999,0.189025305,0.193665959
8039,36.9923059,-44.10975456,20.01270105,8.911968142,10.9853368,0.184190789,0.191365325
8039.5,37.67925668,-45.33290464,18.8864923,8.706801767,10.8336837,0.172554716,0.192579425
8040,44.52304471,-45.80434202,17.21404525,8.743545137,10.51147249,0.16543755,0.200112353
8040.5,49.8399268,-45.71991874,15.40242205,9.091937025,10.27136871,0.159910569,0.208776584
8041,51.17107354,-45.71268412,13.87236996,9.766828841,10.16285944,0.147709283,0.213579271
8041.5,51.21693264,-46.42431101,13.07042613,10.42677487,10.15508264,0.140983547,0.215525436
8042,49.92599818,-47.91416863,13.35843254,10.6253206,10.2208499,0.144565354,0.216225127
8042.5,46.6825929,-48.872606,14.26236371,10.41538749,10.32968099,0.154789423,0.214751818
8043,41.98057365,-48.96030225,15.30152747,10.09809255,10.44002945,0.170809487,0.205760686
8043.5,38.11756226,-48.76118267,17.42103536,9.957558117,10.50725914,0.180189731,0.193360578
8044,35.99945671,-48.83426237,20.3904397,10.2584845,10.4903375,0.170174858,0.184780064
8044.5,35.65286165,-49.34014766,22.56621622,10.96068123,10.49319477,0.162457779,0.185533881
8045,36.67016395,-50.24565024,22.98158293,11.5722369,10.74615638,0.160790054,0.192952552
8045.5,37.75406212,-51.45244799,22.30250018,11.72881822,11.19395518,0.163893407,0.195071507
8046,37.44785576,-52.56338688,21.41821957,11.59139595,11.65374381,0.169698336,0.185585276
8046.5,34.5630368,-53.14309039,21.13819333,11.40524547,11.9489718,0.174381202,0.172301149
8047,30.74816071,-52.91600548,21.83515485,11.30770935,12.025681,0.176455539,0.172072307
8047.5,28.79365301,-51.53767784,22.667926,11.30527607,11.93522231,0.180973621,0.17912072
8048,30.02406738,-46.76464572,22.65439785,11.39492641,11.76765238,0.185178275,0.184758106
8048.5,35.14288939,-41.66663522,21.89596484,11.55668712,11.61132837,0.184780516,0.188363495
8049,39.68000423,-39.06476212,20.89588608,11.76439482,11.55003663,0.182403915,0.191411153
8049.5,32.02478073,-35.73023395,20.10308844,11.98588042,11.66726086,0.179768686,0.190766059
8050,18.34955761,-35.57652899,19.90628445,12.14552387,12.04300835,0.174782062,0.180010624
8050.5,47.49651664,-36.40733912,20.62860961,12.14368242,12.46494801,0.1681047,0.157538345
8051,29.30826734,-35.97680924,22.14851761,11.88460384,12.38280149,0.160766003,0.14375019
8051.5,71.2832533,-34.74382321,23.35153334,11.24751411,11.30514311,0.149614394,0.140955498
8052,44.15429635,-32.04477084,22.50811095,10.15791187,9.757677033,0.130656279,0.146586224
8052.5,92.00373378,-26.27213741,17.86794497,9.093440418,8.90439696,0.105165117,0.171437095
8053,82.63009104,-22.01939858,10.75673815,8.510638644,8.393957878,0.076701279,0.22757759
8053.5,79.75882529,-19.42099721,7.673668166,8.122993578,7.535095055,0.055131656,0.245805979
8054,86.26112514,-17.22584246,6.501631458,7.575988912,6.597084205,0.046197104,0.243778194
8054.5,90.20231531,-15.5196123,6.018225226,6.985244843,6.105854323,0.039319954,0.243902606
8055,90.05841187,-14.24572786,5.899285733,6.534803744,5.91219991,0.033356185,0.244788072
8055.5,91.51884309,-13.01549843,6.007634891,6.268552049,5.816883215,0.039416532,0.243270288
8056,95.13969653,-11.73104429,6.235466233,6.124538441,5.750167309,0.055504621,0.239444158
8056.5,96.7073455,-11.27024691,6.47118524,6.048420754,5.688912566,0.057145724,0.236450412
8057,95.63960362,-12.12077523,6.60894696,5.988646555,5.611536909,0.053077403,0.237546637
8057.5,91.94679485,-13.61453761,6.764422853,5.891287345,5.512131205,0.050950635,0.245026307
8058,85.40234452,-15.47181492,7.144672993,5.708543812,5.404908398,0.056485189,0.252953706
8058.5,76.47464469,-17.54295715,7.504935736,5.459356331,5.304503548,0.080593953,0.251907355
8059,68.14443102,-19.57083981,7.659745531,5.21938515,5.219094958,0.118616261,0.243664516
8059.5,62.76783802,-21.26749109,7.696357549,5.054420418,5.145712339,0.133913373,0.236669878
8060,61.7366048,-22.19164091,7.671819315,4.989407186,5.080356611,0.13247643,0.235319269
8060.5,65.63627187,-21.65976858,7.595723161,5.002444332,5.01928623,0.106408103,0.239542957
8061,72.48093112,-17.76939816,7.212020013,5.071608547,4.968366985,0.073300155,0.244237834
8061.5,79.75133667,-10.96890186,6.554410975,5.17297859,4.956786548,0.052234631,0.244548479
8062,85.35401736,-7.325458213,6.205572575,5.278574893,5.003897281,0.046674793,0.238465046
8062.5,89.64019066,-6.214549523,6.171877125,5.358237227,5.068135069,0.051685161,0.229094534
8063,93.81846037,-5.92572116,6.288486789,5.384338177,5.088812578,0.054733952,0.234863846
8063.5,98.33739194,-5.861139737,6.238028317,5.335291304,5.005309218,0.044408732,0.271785098
8064,102.3761323,-5.774303598,5.733851938,5.193253862,4.81754977,0.02788917,0.317207727
8064.5,104.0973369,-5.455590385,5.167854818,4.968912324,4.64518469,0.01202173,0.343900309
8065,103.0106924,-4.7052072,4.861138753,4.77783791,4.596060788,0.00012257,0.342410182
8065.5,100.517848,-3.643637738,4.794282631,4.736646379,4.634532663,-0.005421597,0.319526626
8066,97.90994475,-3.024891665,5.091965396,4.838428756,4.695880009,-0.004565714,0.296762372
8066.5,95.77061973,-3.022421819,5.687896067,5.01958261,4.780443376,0.002137373,0.285294709
8067,93.3596555,-3.344991246,6.141273146,5.22136438,4.893798041,0.013367481,0.276044384
8067.5,89.76955779,-3.69241519,6.364201357,5.423390001,5.053932533,0.02701988,0.266366533
8068,86.22699066,-3.878073535,6.682569082,5.617684671,5.285312042,0.033857407,0.25928919
8068.5,85.85523953,-3.980711656,7.028750917,5.794255225,5.559061528,0.032947224,0.257737483
8069,91.17263589,-4.11691514,6.837934124,5.933988709,5.805848085,0.034789917,0.260200067
8069.5,98.33886104,-4.400108394,6.44113047,6.012926336,5.956493288,0.048630284,0.260782175
8070,99.85395735,-4.831066607,6.268427443,6.022728595,6.007584729,0.066519577,0.254221859
8070.5,88.32907246,-5.269893432,6.571474326,5.985191074,5.984301921,0.075981452,0.244222374
8071,74.31049803,-5.56867,6.803483425,5.926096752,5.911749975,0.07786065,0.239237842
8071.5,71.74182934,-5.657566404,6.830484909,5.867936992,5.8112815,0.075076847,0.241727496
8072,74.77821493,-5.607676321,6.705677053,5.812729236,5.703253379,0.071057502,0.249314275
8072.5,77.32654624,-5.50488044,6.553960441,5.754063392,5.605265019,0.069457418,0.255380176
8073,77.32501756,-5.435059453,6.393144435,5.68576124,5.513603813,0.071292332,0.255788593
8073.5,76.50751403,-5.48409405,6.196609375,5.598627414,5.410304894,0.074500773,0.250966528
8074,76.59297256,-5.661122443,5.988118697,5.454237166,5.279507066,0.07585449,0.242559094
8074.5,77.59265615,-5.60237281,5.792568354,5.217816209,5.132560763,0.07256151,0.234393134
8075,78.52093654,-4.894864545,5.650308388,4.945583451,5.005987748,0.069654733,0.23064417
8075.5,78.54972099,-3.708669921,5.63699715,4.715796484,4.930464718,0.072783629,0.234780701
8076,76.92618374,-2.456399952,5.811078693,4.592193076,4.890928066,0.07712796,0.242295921
8076.5,74.22360083,-1.354632367,5.96696362,4.585319531,4.844206182,0.077391221,0.24406537
8077,75.79597393,-0.458007566,5.755021072,4.646885709,4.756736263,0.074296315,0.240726064
8077.5,80.73372584,0.224584923,5.414706677,4.726507566,4.651949552,0.070335762,0.240916293
8078,83.9144874,0.675822401,5.231385417,4.771969324,4.57370486,0.067695707,0.243487071
8078.5,80.26356527,0.850254379,5.116983121,4.766019962,4.559427134,0.066304146,0.244099524
8079,73.62205509,0.70431356,5.059532578,4.751167664,4.605712196,0.064885008,0.240228805
8079.5,71.38848837,0.33834309,5.291014674,4.775239367,4.685615071,0.059409163,0.231748599
8080,72.1726578,-0.019882781,5.891195888,4.864915242,4.773102373,0.052280313,0.221411413
8080.5,74.36265023,-0.138186142,6.66508853,4.995614911,4.852126588,0.053873066,0.214531116
8081,76.3517913,0.162227313,6.962275625,5.133273084,4.910029495,0.059595724,0.215824325
8081.5,77.21710795,0.637923425,6.665794394,5.240926981,4.939029657,0.063085871,0.222254434
8082,77.3911454,0.846963114,6.312724012,5.304456651,4.950149145,0.065546206,0.22668393
8082.5,77.4073009,0.576486961,6.309509364,5.341577772,4.958920369,0.067682625,0.227306696
8083,77.24358615,0.045986125,6.541704194,5.37243732,4.981054197,0.067982667,0.22470654
8083.5,76.57253331,-0.494229693,6.795264826,5.417767404,5.029807384,0.065392348,0.219525
8084,75.19665747,-0.939564058,7.018454649,5.495832682,5.106439853,0.062341851,0.212590092
8084.5,73.63879971,-1.260105157,7.177267222,5.592742044,5.209026261,0.062673801,0.20637055
8085,72.66416527,-1.431698998,7.266067458,5.674081779,5.33581785,0.065626429,0.204245763
8085.5,72.78598484,-1.503283055,7.288680559,5.712045533,5.485121226,0.063889197,0.208297322
8086,73.72277114,-1.578092843,7.218196936,5.728792522,5.655086132,0.059836804,0.21326147
8086.5,75.03686386,-1.760651525,7.132261251,5.765199099,5.836374767,0.061348627,0.214274577
8087,76.2790357,-2.155482263,7.189613411,5.863425028,6.006939357,0.073171458,0.211537667
8087.5,76.83856149,-2.867108219,7.450584496,6.069784969,6.171993923,0.085499898,0.208388392
8088,75.98606268,-3.963083125,7.716126311,6.409090597,6.376041851,0.091426383,0.208458501
8088.5,73.38334583,-5.345543286,8.012673592,6.834021804,6.665579643,0.08659893,0.209049365
8089,71.67658338,-6.870377798,8.494549521,7.272642487,6.99169836,0.07617075,0.205138272
8089.5,71.16953694,-8.404830781,9.281578841,7.641694339,7.225874933,0.074978993,0.191932277
8090,64.63320097,-10.05311171,10.51320369,7.925157204,7.3489787,0.092876316,0.17317985
8090.5,53.81522364,-12.13682692,12.45805363,8.1563769,7.417226198,0.115818626,0.16174675
8091,49.81936656,-14.57716867,14.84864673,8.367218335,7.492537644,0.126161342,0.159229092
8091.5,49.93575682,-16.6619576,16.89797288,8.544513698,7.62143782,0.126228859,0.162040855
8092,51.50153852,-17.86516156,17.66210658,8.657496827,7.767783828,0.122220801,0.166575287
8092.5,53.81048613,-18.27954437,16.71926728,8.676630804,7.865147168,0.118127307,0.170665047
8093,54.81882154,-18.09502049,15.22131962,8.588072951,7.761460592,0.11310307,0.175407098
8093.5,53.70213781,-17.49718502,13.87539273,8.38881607,7.320873426,0.1063496,0.177798353
8094,54.45801365,-16.67040248,12.72702845,8.079138997,6.874899229,0.094024354,0.175095288
8094.5,58.16627801,-15.79903727,11.7252382,7.561929812,6.539522756,0.081938672,0.170701375
8095,62.94997602,-15.04730106,10.65584908,6.648668464,6.314117757,0.076899174,0.170722376
8095.5,74.02963906,-14.20657938,9.129533435,5.876912505,6.18656367,0.078578024,0.184546285
8096,78.91865252,-13.18949673,7.361512392,5.926638637,6.131653604,0.096077346,0.227759857
8096.5,82.36427357,-13.79214568,6.349605824,6.569958775,6.126955803,0.127803694,0.255790839
8097,76.83673297,-16.27080405,7.160513634,7.502735566,6.152657527,0.135204993,0.236685642
8097.5,68.19220881,-18.52414221,9.000569366,8.10756533,6.19003903,0.130571075,0.196499983
8098,59.1251067,-20.43066589,15.80414927,8.058096218,6.220165604,0.126303443,0.165963665
8098.5,53.34745657,-22.73510648,19.06013657,7.853077326,6.239389166,0.124659185,0.162942445
8099,53.58031835,-25.93269089,15.67937141,7.917807618,6.285229881,0.112574255,0.16989022
8099.5,55.01040719,-29.59847783,14.62877566,7.966697635,6.403370891,0.083739665,0.167607471
8100,53.74180526,-33.09741454,16.15360233,7.828039419,6.573903903,0.089698199,0.158394984
8100.5,50.28972415,-35.82662377,19.25152124,7.598207488,6.53267526,0.163056421,0.151129157
8101,46.65808869,-37.6453158,18.88059596,7.374604881,6.276962852,0.171357222,0.154211454
8101.5,44.96527078,-38.75877131,18.13152935,7.241419397,5.976356338,0.157461348,0.163308673
8102,43.39435888,-39.38055485,17.73780333,7.218381681,5.733726409,0.162320787,0.168592335
8102.5,39.8971444,-39.69892723,17.83211111,7.276190789,5.547765621,0.163117568,0.167877544
8103,35.48659678,-39.84069493,18.29075722,7.372734907,5.407787717,0.160493324,0.160278907
8103.5,33.61900603,-39.92351377,18.46356092,7.336919049,5.306101703,0.145540343,0.154574102
8104,42.91193493,-40.01566224,16.71079802,7.004418216,5.245060828,0.121245812,0.16421436
8104.5,56.62586201,-40.0047875,12.29815929,6.651547737,5.231548762,0.109492544,0.185714857
8105,56.24094855,-39.73724343,9.808177953,6.663703646,5.250179559,0.10676951,0.204309006
8105.5,54.23294627,-39.06119997,9.76893231,7.021210382,5.243693936,0.111335741,0.212055771
8106,53.76309211,-38.02944851,11.2696924,7.209370337,5.161997099,0.128725859,0.204656209
8106.5,49.8646503,-37.07940226,13.74886652,7.133185752,5.048024387,0.142383631,0.179310786
8107,46.42485748,-36.45719256,16.13142373,6.823220738,4.982137533,0.142523031,0.154923411
8107.5,48.27430347,-36.07507525,14.90555346,6.405760631,4.979576591,0.135217944,0.150810929
8108,54.49162296,-35.78304028,12.55809065,6.293940046,5.004940948,0.12700042,0.170485498
8108.5,58.74870196,-35.34080489,11.59249123,6.445931393,5.026258902,0.120148481,0.184624625
8109,54.73173126,-34.59435841,11.97630084,6.518862812,5.05307566,0.114969894,0.18413841
8109.5,50.0799867,-33.57118239,13.36924236,6.585194257,5.117572753,0.112465936,0.176523727
8110,48.68554703,-32.40613389,14.37793647,6.992275737,5.255706383,0.112967835,0.174613463
8110.5,50.66327797,-31.92331831,13.88161588,7.317820654,5.530698671,0.116760896,0.174955561
8111,54.03365094,-31.75887364,13.48157986,7.736235791,6.038271532,0.121200327,0.169521666
8111.5,53.09635554,-30.35046747,14.56430057,8.084132097,6.694833135,0.113474608,0.162086807
8112,47.57369813,-28.06239608,17.2792407,8.383439082,7.065157083,0.099132283,0.149605832
8112.5,46.20705614,-25.86434048,19.61872878,9.552549002,6.729459956,0.089152619,0.136374563
8113,46.59210631,-23.71423318,17.96819018,10.24239734,6.491050922,0.08605161,0.132830072
8113.5,48.78913585,-20.51936746,15.31097856,8.085795748,6.351315727,0.084629228,0.140953534
8114,54.47598355,-17.16720061,9.401145648,5.897201773,6.126560077,0.079590329,0.168516213
8114.5,67.20765379,-15.1537386,7.705992039,5.83004311,6.060898829,0.076188242,0.221807473
8115,86.74456314,-14.42036318,6.602459751,6.070219689,6.098693926,0.071883613,0.244294396
8115.5,96.65373712,-14.39259564,5.568687745,6.004306354,5.895890687,0.062219007,0.258693698
8116,93.67085426,-14.7830144,6.181200798,5.826326182,5.457103403,0.067136541,0.263775299
8116.5,84.10117053,-16.1572023,7.252549397,5.654962064,5.021205044,0.085076333,0.251954182
8117,70.7572571,-17.54493331,8.145216251,5.463876121,4.752365031,0.102257666,0.232161611
8117.5,65.60903565,-18.0339312,8.652361653,5.276950725,4.629262489,0.099029468,0.21835948
8118,68.86835849,-18.22676055,8.510110191,5.173585995,4.572775631,0.091029713,0.216682263
8118.5,75.96317667,-18.78244012,7.856878568,5.217621022,4.51331243,0.093376534,0.24364467
8119,81.68209162,-20.56773573,6.971783303,5.320255646,4.41487257,0.10413964,0.284574993
8119.5,81.13015082,-24.76131946,6.675048022,5.451878236,4.288403366,0.123072978,0.292044063
8120,75.01197289,-32.34375247,5.929767137,5.65530413,4.147811556,0.151202313,0.263143305
8120.5,67.60080445,-37.56746231,9.211922918,5.737413788,4.000749887,0.173297851,0.219048019
8121,61.39165574,-38.56445947,10.65260288,5.325388264,3.8494437,0.18092426,0.194213459
8121.5,57.82705953,-38.74562754,12.23978323,4.87164146,3.695753855,0.177582689,0.192782047
8122,56.0872764,-39.68026544,11.59732544,4.58413149,3.545697912,0.167973757,0.200073791
8122.5,54.99236966,-41.12634118,11.34017484,4.486538596,3.418240509,0.163204031,0.201815539
8123,53.40012689,-42.77029856,11.46376627,4.509595397,3.332510309,0.165377861,0.196698639
8123.5,51.68114669,-44.30837432,11.64575655,4.577663268,3.2976626,0.164296043,0.192646936
8124,52.19006957,-45.46797408,11.60206642,4.615718278,3.306400202,0.154318347,0.188563508
8124.5,55.65188081,-46.00001446,11.11203862,4.601748308,3.351090964,0.147391847,0.184527945
8125,58.85503371,-45.9447341,10.46749148,4.57798796,3.425040633,0.149159514,0.181571652
8125.5,59.2052504,-45.58157168,10.13904472,4.570349859,3.521757812,0.155103817,0.180776252
8126,58.88337326,-45.19715126,10.19114705,4.603266541,3.632076807,0.152455596,0.18332546
8126.5,60.58026287,-45.04124334,10.38019276,4.702659498,3.740637284,0.140211859,0.187843178
8127,66.04697518,-45.09152032,10.46125134,4.889831055,3.829551712,0.137142214,0.191003715
8127.5,73.98724776,-45.20860191,10.19473968,5.09596314,3.879539405,0.141377906,0.190743646
8128,78.15780507,-45.32405727,9.87103667,5.184858273,3.878681554,0.144230941,0.188665898
8128.5,79.70726736,-45.42439174,9.970117434,5.146438809,3.836301776,0.145224812,0.1870115
8129,81.62415179,-45.50242684,9.968981317,5.070510921,3.766051005,0.144209953,0.187180959
8129.5,84.11060464,-45.59047086,9.498360158,4.984677026,3.681497797,0.140644794,0.18809705
8130,84.62385188,-45.73986402,8.982501331,4.911218312,3.594993399,0.137654621,0.189474899
8130.5,82.53595258,-45.99182826,8.938278806,4.838473731,3.5142272,0.139677081,0.191168029
8131,81.569639,-46.33955529,9.367646543,4.738587502,3.444343859,0.142995959,0.192338365
8131.5,84.17504212,-46.76216784,9.821212129,4.589705325,3.390062062,0.146441133,0.190683818
8132,86.92389109,-47.23878683,10.12795003,4.424269115,3.352599637,0.154493848,0.18588848
8132.5,85.08505565,-47.74767455,10.25154152,4.308599189,3.327533433,0.163586589,0.184715221
8133,78.44509909,-48.1518724,10.26723234,4.290073466,3.310148424,0.160871087,0.187211353
8133.5,71.72642734,-48.08427781,10.27975979,4.306716234,3.297185483,0.153443326,0.189141334
8134,68.95645862,-47.24582932,10.33790743,4.25357591,3.293913371,0.14999228,0.186786343
8134.5,69.51782836,-46.23342636,10.36542639,4.161783517,3.30908606,0.147041495,0.183736397
8135,71.59908672,-45.73635686,10.2691835,4.166653322,3.347843219,0.146825076,0.188509264
8135.5,74.13106247,-45.42587504,9.965767075,4.411778561,3.40014437,0.151651936,0.200689905
8136,77.63733607,-44.89833973,9.487206429,4.758808846,3.451673764,0.142444545,0.210337544
8136.5,79.23476632,-44.15462167,8.99371096,4.793383454,3.489785788,0.134870508,0.214567432
8137,76.77252428,-43.31350117,8.712820889,4.692875443,3.516232801,0.14181569,0.213246765
8137.5,73.20909942,-42.49256797,8.723300761,4.638299346,3.538426552,0.147340975,0.207494563
8138,66.00465006,-41.77958301,8.848834645,4.626752873,3.564036072,0.15129545,0.202503401
8138.5,62.85350097,-41.23124446,8.892814047,4.618602563,3.608120458,0.151741532,0.204033339
8139,68.4395418,-40.90190257,8.750152466,4.63389277,3.708135626,0.146284862,0.212938883
8139.5,74.6598978,-40.79328674,8.425144426,4.681283857,3.906852338,0.132531084,0.22395508
8140,75.18320619,-40.82623558,7.970843983,4.690035877,4.183249411,0.112107711,0.228621539
8140.5,68.50060403,-40.91470724,7.822936612,4.765680843,4.447875881,0.102594203,0.220268194
8141,58.4886496,-40.97265985,8.617668294,5.242366208,4.60567715,0.10497276,0.19802693
8141.5,49.23331682,-40.96293031,11.07780697,5.860461919,4.709820177,0.106929594,0.166639924
8142,44.33467351,-41.08430262,15.76757386,6.392205358,4.901881485,0.101909419,0.139944174
8142.5,43.60079261,-41.60666264,21.49604026,6.832212685,5.253650383,0.096567897,0.121637589
8143,44.63387463,-42.79830797,25.56037085,7.227151616,5.665560483,0.085107447,0.107208012
8143.5,45.63708633,-44.42613588,28.38438156,7.642567873,6.038400266,0.06936181,0.099290711
8144,46.22932933,-45.046086,30.21824605,8.108097113,6.327339718,0.062478908,0.103746031
8144.5,46.3646981,-43.03498232,27.55646135,8.503778482,6.50893556,0.077856567,0.122086695
8145,47.57129904,-38.82209028,21.38333056,8.701828432,6.608493306,0.099048112,0.150950054
8145.5,51.87831175,-37.41914479,15.94942233,8.782874915,6.664069008,0.114118286,0.168816707
8146,57.65154562,-36.73367003,13.66209941,8.813541848,6.652783443,0.123402493,0.172920515
8146.5,61.58039075,-34.3935458,13.62571841,8.540127746,6.434140467,0.115244487,0.1751204
8147,62.79838404,-30.98695636,13.1364793,7.7016854,6.135696887,0.091826157,0.180397549
8147.5,65.21156778,-27.56773931,11.98997145,6.880864854,5.899673998,0.072128365,0.187012357
8148,73.27364247,-24.75235686,10.73113713,6.586887661,5.723656355,0.065625033,0.19752364
8148.5,87.55714938,-22.95156813,9.228053211,6.432639252,5.565837479,0.058217055,0.225274954
8149,99.14667219,-21.92980292,8.436876878,6.159273839,5.389228627,0.048496856,0.24196516
8149.5,104.2910479,-21.44551127,7.22901222,5.874264421,5.164282751,0.056562131,0.239999133
8150,100.8046685,-21.56129627,6.440067186,5.776210897,4.92319653,0.086711315,0.240854806
8150.5,90.48072307,-22.33744876,7.139305694,5.759646655,4.741886086,0.11659817,0.238791992
8151,78.65700413,-23.81808621,8.175685314,5.678620807,4.631701581,0.14385602,0.222075666
8151.5,70.79249618,-25.85224636,9.020621067,5.544262482,4.564564795,0.153071891,0.203896939
8152,68.170932,-27.01304146,9.906746031,5.551376942,4.51466812,0.152069615,0.199580224
8152.5,69.98107367,-26.98056769,10.75420986,5.332196301,4.464848319,0.14755991,0.202012045
8153,75.30195467,-26.1807857,10.34844766,5.008444093,4.441755456,0.139552837,0.204680857
8153.5,81.5785893,-25.11489933,9.159254047,4.921932858,4.465064913,0.127330928,0.207160737
8154,84.51030353,-23.93960902,7.5427307,4.835745956,4.514364603,0.111114148,0.210805783
8154.5,89.04205952,-21.73109939,6.12714537,4.688834309,4.568556714,0.094069989,0.217897221
8155,93.08848013,-18.8912001,5.818306216,4.82434963,4.617060757,0.08049984,0.225845898
8155.5,94.63413598,-16.3567637,5.658085556,4.950159523,4.651103339,0.074736,0.230347088
8156,93.41079397,-14.69876001,5.646405698,5.015835211,4.667092562,0.076958955,0.228264329
8156.5,90.20511042,-14.03337456,5.883014241,5.070349697,4.671509763,0.083594239,0.224254288
8157,86.50836749,-13.82156331,6.093595535,5.075242751,4.672073955,0.090943804,0.222283359
8157.5,83.9766049,-13.55515426,6.130091945,5.07017675,4.676543066,0.095724908,0.220618928
8158,84.20771185,-12.97990701,6.131319106,5.082948162,4.692714463,0.095175097,0.226003948
8158.5,86.64115055,-11.890189,5.910882402,5.071098133,4.728451879,0.086610715,0.236648564
8159,88.95941129,-10.43947332,5.595338627,5.009549668,4.784079322,0.071576816,0.243453856
8159.5,89.40397986,-9.37453287,5.395677837,4.983857029,4.84654736,0.058641524,0.244769892
8160,88.29094772,-9.088046442,5.460775213,5.10754112,4.900880622,0.056238426,0.239505127
8160.5,86.37261428,-9.753682404,5.898389754,5.409585671,4.931537758,0.067815361,0.230122899
8161,84.31815472,-11.56686232,6.476325943,5.675147278,4.934202067,0.082949027,0.222115352
8161.5,82.51735871,-14.33940406,7.104682103,5.788335102,4.9287844,0.095865202,0.214431856
8162,79.07177376,-17.14154189,7.656882219,5.772447624,4.934574574,0.103146444,0.211593922
8162.5,74.23428457,-19.19432439,7.905334914,5.664274257,4.933739877,0.105467124,0.211655601
8163,72.64593249,-20.47657083,7.972028477,5.503612367,4.893341897,0.108746742,0.213903957
8163.5,75.56772964,-21.11945146,7.98541706,5.310910819,4.821650764,0.109056039,0.220044057
8164,80.89304839,-21.2541365,7.881316723,5.070749236,4.743470077,0.102977661,0.234276508
8164.5,85.89874873,-21.01178962,7.621564966,4.926744905,4.681481511,0.097544397,0.243192402
8165,88.61736948,-20.48340686,7.148844626,4.859003683,4.648355029,0.100887581,0.242872178
8165.5,88.30974994,-19.62403692,6.403786116,4.96849294,4.651345992,0.103504539,0.238637426
8166,84.9042295,-18.34017265,6.080856221,5.087980709,4.695851731,0.089467497,0.23375281
8166.5,81.87779942,-16.59888892,6.184790013,5.090457633,4.772902727,0.081949111,0.23128256
8167,82.70580369,-14.79346907,6.220492426,5.186002145,4.867764905,0.073737235,0.236879366
8167.5,85.27099601,-13.14121701,5.932930084,5.233848114,4.960219576,0.058873208,0.246273553
8168,86.12619135,-11.35749111,5.728435159,5.162292261,5.012136365,0.049114031,0.243723813
8168.5,85.22948231,-9.29769563,5.653799813,5.048783257,5.002024046,0.048857531,0.237762567
8169,86.42594724,-7.340339756,5.6682154,4.972552699,4.963352726,0.052605263,0.233700317
8169.5,90.49710617,-5.875108825,5.735885167,4.947073434,4.937888788,0.054196555,0.227915755
8170,91.30384707,-4.856541189,5.807667085,4.937574425,4.943165783,0.052491562,0.221039632
8170.5,89.81158288,-4.093718877,5.810509729,4.905987647,4.923242036,0.050256074,0.215232756
8171,91.59759415,-3.399117907,5.67134452,4.810390625,4.862384029,0.049425622,0.213257189
8171.5,97.11342155,-2.696678911,5.406806231,4.693146591,4.801701573,0.044862207,0.216830037
8172,99.36771506,-2.042385623,5.196973883,4.672010942,4.776228022,0.038720119,0.223396375
8172.5,97.40583425,-1.49788172,5.1219094,4.790125989,4.784621189,0.04064486,0.230309096
8173,93.93216326,-1.095194643,5.190708896,4.967471603,4.815481582,0.046277649,0.241551234
8173.5,91.59281994,-0.843627962,5.423012662,5.103953052,4.863439588,0.052372765,0.244825036
8174,90.32087133,-0.743888697,5.816940763,5.14022246,4.930361193,0.05909824,0.230838501
8174.5,89.17268217,-0.771766894,6.139181296,5.14138887,5.018842601,0.065394452,0.216357237
8175,87.05684186,-0.898225685,6.257463194,5.192127131,5.131615918,0.068933065,0.211656606
8175.5,85.28090659,-1.094228206,6.232700684,5.297959488,5.257105829,0.068431565,0.223034633
8176,86.41292572,-1.330737587,6.136300739,5.352942042,5.36007844,0.066911044,0.236418843
8176.5,89.33324441,-1.579168774,6.019187006,5.346852897,5.402658867,0.067347336,0.240509473
8177,91.04731649,-1.825677582,5.923730842,5.323576525,5.349237346,0.069667574,0.23929555
8177.5,90.23025981,-2.074078875,5.860259113,5.322768784,5.170981047,0.073274074,0.236701903
8178,89.010692,-2.319667777,5.815130332,5.324304285,4.926860789,0.077456658,0.234722958
8178.5,89.22742954,-2.508952189,5.772660786,5.266780858,4.772501382,0.080262191,0.233282081
8179,90.14880613,-2.572918992,5.700446989,5.105760236,4.722518503,0.079091977,0.231723336
8179.5,90.48538893,-2.442548562,5.559463558,4.900607032,4.727544624,0.074374762,0.229138114
8180,89.39362119,-2.068248327,5.33461139,4.727552117,4.741241593,0.069635713,0.22945783
8180.5,86.48365144,-1.528739693,5.25873514,4.620567671,4.740390838,0.067242551,0.23696625
8181,83.20301398,-0.954611317,5.41983961,4.60830533,4.740658544,0.067283101,0.249113024
8181.5,83.87871256,-0.465142007,5.553376926,4.709395855,4.762636248,0.070012188,0.26194741
8182,88.23162909,-0.161127562,5.663919523,4.907662411,4.830659163,0.076190808,0.270705591
8182.5,90.40082506,-0.171606874,5.818673355,5.179967283,4.948575434,0.083862124,0.270507047
8183,90.653973,-0.710655032,6.080072165,5.34396916,5.071164054,0.085262263,0.256244207
8183.5,89.48267644,-1.931940081,6.35646651,5.264739261,5.14869975,0.079816091,0.231879705
8184,88.18789965,-2.899361748,6.433136366,5.278439359,5.190536164,0.07536734,0.216891857
8184.5,88.85904431,-2.788570801,6.293467394,5.394503794,5.242921149,0.069254517,0.211936472
8185,89.86492508,-2.158990049,6.159504957,5.464001247,5.342391933,0.061053693,0.211073141
8185.5,88.12669926,-1.611295172,6.253876388,5.479801396,5.457351789,0.059910103,0.213248214
8186,86.25497254,-1.277691275,6.69644483,5.488746453,5.533245722,0.064938174,0.223416072
8186.5,89.87298503,-1.101286847,7.104083422,5.525803825,5.56518735,0.066829633,0.237834482
8187,92.6095028,-1.037214367,6.980888766,5.583871618,5.579959316,0.063842853,0.248308058
8187.5,92.95044293,-1.089881983,6.614344719,5.646727527,5.597204618,0.063772706,0.253952767
8188,92.25712407,-1.275789955,6.555332724,5.707804691,5.633151202,0.069066384,0.254677572
8188.5,91.93987002,-1.604602221,6.734317185,5.806789024,5.70143186,0.069828153,0.251135258
8189,92.9774266,-1.960781794,6.768187925,5.926260202,5.77978724,0.062945443,0.245823339
8189.5,94.41846029,-2.119161103,6.726173545,5.997016493,5.820880395,0.057000853,0.243529762
8190,95.05379545,-1.860466143,6.725545602,5.975262876,5.78770825,0.054903102,0.249256476
8190.5,94.47623941,-1.315604901,6.730867612,5.892373255,5.719672419,0.055441823,0.255408605
8191,92.69057485,-0.916408179,6.705239753,5.79167114,5.657895105,0.056802671,0.254816512
8191.5,91.13616902,-0.760709653,6.652585694,5.713690498,5.592806105,0.058388464,0.249385359
8192,90.82873203,-0.859412738,6.581404359,5.669672142,5.511541079,0.059992931,0.244280554
8192.5,91.30216176,-1.084871601,6.499566958,5.634554259,5.413772868,0.061910104,0.243739636
8193,92.06618988,-1.307086722,6.386234932,5.581591035,5.305114791,0.064946538,0.245121266
8193.5,92.75877555,-1.520189679,6.197379344,5.491218333,5.192854529,0.068474109,0.245108776
8194,93.05140031,-1.743743056,6.068101987,5.374398085,5.109720083,0.070594695,0.239054641
8194.5,92.99821474,-1.997309438,6.106132449,5.250276672,5.088158952,0.069388135,0.229881453
8195,92.93633495,-2.209937944,6.115384333,5.131188255,5.102423636,0.063252787,0.226362423
8195.5,92.94571679,-1.931629235,6.023015909,5.013600018,5.115173707,0.054214004,0.228478885
8196,93.30135533,-1.045184695,5.862042599,4.910902559,5.113070843,0.048001148,0.230078079
8196.5,95.20094363,-0.671550817,5.744065261,4.869296488,5.130822881,0.048480182,0.227532732
8197,97.67320545,-1.158893302,5.729903992,4.935024839,5.186726409,0.050119357,0.227117209
8197.5,99.34435394,-1.909222473,5.714251346,5.149851348,5.284793347,0.045704518,0.236465572
8198,100.4912274,-2.501955251,5.585333307,5.466887611,5.416412955,0.036667802,0.247428904
8198.5,100.3403497,-2.853532965,5.814194774,5.786152557,5.536806595,0.027118128,0.244662677
8199,96.88503234,-2.922766553,6.626174442,6.025483528,5.592228787,0.017440725,0.230905339
8199.5,91.49313234,-2.957267525,7.631333699,6.107041802,5.567868203,0.010505047,0.195159155
8200,84.59350108,-3.490661876,9.099488671,5.969023089,5.51434719,0.011406861,0.182713501
8200.5,78.96901478,-4.969335368,9.687466221,5.663518633,5.48021113,0.018401364,0.192018981
8201,80.42638108,-6.732873175,6.859044955,5.355570319,5.462187709,0.023577988,0.211172707
8201.5,87.03169563,-7.603689813,5.292014637,5.197477076,5.435291082,0.026820796,0.224042361
8202,95.43954673,-7.666445258,5.163770365,5.165484936,5.375012672,0.029299262,0.233328586
8202.5,102.3238965,-7.570840694,5.249153921,5.185380409,5.258369901,0.031687544,0.241750227
8203,105.7595786,-7.93683283,5.281319281,5.203287325,5.077317958,0.034264947,0.244077967
8203.5,106.1415022,-9.004287797,5.345638321,5.199765104,4.859748852,0.036981045,0.239547615
8204,102.9933707,-10.76550552,5.412717426,5.186554141,4.636628767,0.042086372,0.230470181
8204.5,94.24982392,-13.16296136,5.48589507,5.146056242,4.431993148,0.055784646,0.22515996
8205,81.59221751,-16.02471668,5.611431351,5.057042856,4.256512475,0.069063111,0.225929539
8205.5,69.21872628,-19.08149571,6.03669257,4.955271589,4.116735131,0.072935008,0.214848299
8206,61.98978646,-21.72232631,6.69582481,4.90511414,4.018081953,0.069770047,0.191535647
8206.5,59.21892999,-23.25689761,7.190301896,4.918112838,3.953627596,0.061754678,0.179228799
8207,58.09938787,-23.29889984,7.005701009,4.83300027,3.905647134,0.057370789,0.179396278
8207.5,58.53169199,-21.80077542,6.239969956,4.449291909,3.860095477,0.057717241,0.188287739
8208,61.30113475,-20.32207536,5.604997388,4.069899409,3.835232233,0.058808351,0.20296178
8208.5,65.72131722,-19.71964963,5.161415318,4.045846491,3.853552336,0.059103892,0.215099247
8209,69.49128897,-18.59455576,4.897799025,4.189519041,3.896435581,0.057901822,0.21617099
8209.5,77.21471337,-16.87364807,4.853234719,4.308582745,3.937663221,0.056381154,0.213132645
8210,85.9103026,-15.15444903,4.991015486,4.370438454,3.950605878,0.056138434,0.215272769
8210.5,91.14517216,-13.71531081,5.146598473,4.414232093,3.937834319,0.058815723,0.223953622
8211,93.68542315,-12.55036551,5.232908759,4.463337589,3.945452342,0.063717131,0.235465159
8211.5,93.82438841,-11.64467795,5.184099061,4.509145056,4.016443789,0.067259804,0.239171721
8212,92.32194032,-11.00555199,5.062437178,4.506719448,4.149068145,0.067600635,0.234797179
8212.5,94.76576228,-10.66958308,5.151317739,4.433159287,4.323178615,0.066813389,0.229156715
8213,98.85111773,-10.68975571,5.331194647,4.370488351,4.516154541,0.067978269,0.229675527
8213.5,98.28298811,-11.20763901,5.161972263,4.426530007,4.699014461,0.079202065,0.244564161
8214,96.38573137,-12.64020681,5.295145373,4.720937039,4.834983985,0.103691363,0.268757856
8214.5,83.71424339,-15.38408735,6.75544151,5.319855546,4.917450885,0.125778095,0.270489617
8215,67.22274938,-18.92541474,10.1559475,6.081357939,5.139979992,0.133160674,0.235698119
8215.5,55.09748467,-22.42009536,14.80313574,6.877212748,5.719821332,0.12602686,0.196180605
8216,47.20003639,-25.38836794,19.66092742,7.561782523,6.122895327,0.113369355,0.160105164
8216.5,42.99974734,-27.78606725,23.20670633,8.022604207,6.212076433,0.099308905,0.126871169
8217,41.24697156,-29.84192795,24.01383881,8.193077327,6.134086853,0.087031485,0.119175335
8217.5,40.34424062,-31.767731,22.05842587,8.184670187,5.993122534,0.089468182,0.143778498
8218,39.27489792,-33.62179611,18.63633812,8.190282994,5.859333563,0.10618157,0.178300154
8218.5,39.67956992,-35.39871556,15.03927634,7.996758288,5.70375542,0.124431221,0.189536958
8219,43.95449453,-37.09287479,12.6123425,7.379406844,5.386098046,0.13393177,0.199993228
8219.5,53.44058334,-38.69865921,11.88860069,6.430196711,4.899164834,0.134277079,0.209685189
8220,59.91251663,-40.20999219,11.58007288,5.725079043,4.575204597,0.12939587,0.213765092
8220.5,58.39866958,-41.52518629,11.28747527,5.4727485,4.402278645,0.125343509,0.209383783
8221,54.8931944,-42.33037366,11.36861718,5.454249955,4.297919421,0.126211726,0.19846759
8221.5,51.6014596,-42.33446224,11.87208751,5.482431454,4.239507889,0.130120652,0.191443023
8222,49.11612733,-41.78328499,12.37153182,5.463787479,4.281511796,0.134079561,0.188177788
8222.5,49.72681361,-41.20705688,12.53054348,5.401317621,4.48322756,0.13437974,0.185903194
8223,50.70088843,-40.29448643,12.44945981,5.707248648,4.709915119,0.126612149,0.182282178
8223.5,51.33536494,-37.97357571,12.70620186,6.172995824,4.880369382,0.112152965,0.166130554
8224,53.28044596,-34.60183835,14.1242164,6.292713907,5.074699073,0.098417862,0.150968519
8224.5,62.37068161,-31.54144817,14.91542861,6.165631423,5.218423547,0.085343782,0.176722668
8225,77.9057547,-28.95849885,13.11270193,5.970501798,5.17209145,0.065964193,0.194229823
8225.5,90.27127352,-26.31739136,8.081269413,5.843257545,5.072037065,0.046061562,0.206612922
8226,95.66480327,-23.67226886,6.579931798,5.740997178,5.156484238,0.037030944,0.22172629
8226.5,98.57913837,-21.70823444,6.127288345,5.58727044,5.548217474,0.0420623,0.228070533
8227,100.8850495,-20.85476307,6.021367924,5.476031873,5.851505245,0.051050854,0.227313526
8227.5,101.0316536,-20.37432587,6.310898782,5.589510458,5.476500745,0.071275962,0.221177702
8228,97.35411333,-20.96831718,6.74224908,5.939743582,4.186370069,0.103266918,0.206384249
8228.5,85.87809444,-24.34042974,7.048006966,6.171165613,3.170771652,0.1209652,0.183607625
8229,61.01549025,-29.5384488,7.109354106,6.233867899,2.989603343,0.116157896,0.164566156
8229.5,44.56349297,-33.57819513,7.091897245,6.215173758,3.218999567,0.101196428,0.129540008
8230,41.7962594,-36.56998773,7.337622258,6.284720562,3.525545321,0.086074897,0.106566062
8230.5,41.65486631,-39.16511537,8.220220008,6.392469235,3.636252033,0.086141706,0.117936432
8231,40.83719465,-41.47655801,9.845062198,6.150530348,3.586115485,0.100333178,0.148063283
8231.5,39.47966383,-43.56922755,10.94538134,5.436433195,3.480311047,0.120500178,0.155553215
8232,38.23654953,-45.33360771,10.88141755,4.956888016,3.401155091,0.133738895,0.170117486
8232.5,38.6019115,-46.52117734,10.2364076,4.926638234,3.355267789,0.143627999,0.181246091
8233,42.05797174,-46.99555109,9.642646215,5.005595343,3.334297073,0.154233181,0.192132536
8233.5,47.78391311,-46.97965556,9.324324183,5.08193024,3.330747597,0.159071354,0.200059361
8234,52.82877699,-46.76577665,9.211071465,5.140402227,3.337516806,0.156926228,0.202608229
8234.5,55.73217155,-46.44203069,9.240162919,5.165769478,3.349536788,0.149595296,0.213042296
8235,57.56702978,-45.08266443,9.356875009,5.154752809,3.369159069,0.142750091,0.218348098
8235.5,59.15362198,-39.80419005,9.507553629,5.120500961,3.400628788,0.140611642,0.206125929
8236,60.53176776,-30.9201302,9.636038557,5.077332268,3.448445443,0.139246014,0.200722964
8236.5,61.69893854,-26.5050979,9.694010286,5.034004791,3.517542773,0.137750205,0.20642467
8237,62.5695095,-26.87316778,9.684911858,4.988901042,3.613539315,0.136670305,0.212608035
8237.5,59.72721833,-27.1308107,9.629299136,4.939310633,3.739283436,0.136227176,0.211114739
8238,51.73670912,-27.14861257,9.548171628,4.882642591,3.863509211,0.135865713,0.206083126
8238.5,50.20612116,-26.98598263,9.462569056,4.818827481,3.951740853,0.134917544,0.204809168
8239,54.94346978,-26.70233014,9.399928823,4.762411267,3.988397587,0.132715248,0.210068129
8239.5,60.94129909,-26.35706432,9.393423543,4.732861996,3.960400276,0.130069529,0.221793583
8240,63.04635923,-26.00959442,9.477084157,4.748414437,3.870878166,0.132255649,0.232037111
8240.5,62.7731223,-25.71932968,9.674253174,4.787243323,3.744812467,0.143678506,0.232788837
8241,60.78514684,-25.53942766,9.898039318,4.774116159,3.607491854,0.159456523,0.227048744
8241.5,56.95417221,-25.45419216,9.998544881,4.632434254,3.481287736,0.172045188,0.219700067
8242,57.45454697,-25.40525516,9.822716252,4.313149504,3.384726142,0.17824605,0.218024018
8242.5,62.97436456,-25.33361208,9.244873424,3.930585682,3.323130175,0.175601337,0.228019007
8243,70.16620158,-25.18025833,8.22500916,3.660114765,3.294209029,0.161996712,0.246649998
8243.5,77.51523291,-24.88579693,6.84971803,3.58938099,3.294700311,0.153626291,0.263431408
8244,81.67267555,-24.3680786,5.609713726,3.734835951,3.319073938,0.139151509,0.262195949
8244.5,82.02801647,-23.51013671,5.420034784,3.980007476,3.372939995,0.131583362,0.243843726
8245,82.24998103,-22.1925307,6.189539535,4.132707145,3.467329716,0.128899546,0.226415776
8245.5,84.70341301,-20.41216833,6.289527237,4.191224961,3.614387848,0.10852443,0.223836625
8246,88.79890147,-18.43435774,5.394674456,4.306586209,3.784425831,0.083476237,0.22813583
8246.5,94.6599828,-16.52235999,4.820962946,4.434532994,3.917478517,0.068618549,0.229381051
8247,100.7894995,-14.76837698,4.883856223,4.514679788,4.027344083,0.066410818,0.230896135
8247.5,103.5423304,-13.21862845,5.227611907,4.542478332,4.143989666,0.071025835,0.234767371
8248,103.1753312,-11.91933351,5.509275751,4.555085904,4.301178281,0.074825197,0.239307005
8248.5,102.0272147,-10.91347218,5.627796941,4.566600417,4.505856893,0.073109765,0.242732697
8249,102.1843731,-10.22483416,5.660889815,4.585338622,4.685728852,0.073494678,0.243495608
8249.5,101.7872143,-9.870166475,5.662482787,4.619776908,4.807506437,0.099969286,0.240114595
8250,89.8217776,-9.822743051,5.653447505,4.678762618,4.869097531,0.115397197,0.233828253
8250.5,81.22656093,-9.899993327,5.651533805,4.764973771,4.888336867,0.111654546,0.23202443
8251,84.97188342,-9.884429332,5.655252047,4.853421288,4.885195151,0.101416366,0.237424869
8251.5,88.37851418,-9.614014538,5.651384839,4.910840065,4.872210586,0.095321979,0.243932211
8252,91.66447352,-9.231815621,5.63574308,4.917623699,4.852427166,0.087926209,0.2497613
8252.5,95.69834046,-8.932472722,5.626041906,4.870611835,4.82832151,0.073902143,0.255266925
8253,97.3860818,-8.703989356,5.643119085,4.786005453,4.802470129,0.064068136,0.259329618
8253.5,93.651437,-8.483785082,5.704228863,4.708850213,4.778925185,0.067228672,0.260696316
8254,91.54661846,-8.209279456,5.788334313,4.684462297,4.762649268,0.07536351,0.259020305
8254.5,91.6247717,-7.817892039,5.852878478,4.738842663,4.758576404,0.07969167,0.254548852
8255,82.25777669,-7.253065427,5.885626479,4.851380332,4.771696792,0.07864626,0.247579205
8255.5,71.19195323,-6.529813845,5.904777659,4.99387223,4.807211688,0.075012601,0.241128621
8256,96.68456643,-5.710075441,5.928701953,5.136528678,4.869659083,0.07015048,0.244971016
8256.5,122.2197584,-4.85660476,5.960718883,5.256464475,4.95278932,0.068554247,0.245340008
8257,-6.059030379,-4.032156347,5.995131647,5.335092518,5.043356128,0.072811428,0.243367939
8257.5,164.2417102,-3.299484751,6.026005058,5.357165337,5.127112304,0.076692305,0.241649924
8258,99.39502559,-2.721344515,6.047286788,5.328873388,5.188888801,0.072805465,0.240561687